id,reference,createdat,publishedby,title,alphabetisationletter,year,includesdatadashboard
7766,LLN 2005/002,2012-01-09,2,Management of Offenders and Sentencing Bill (HL Bill 16 of session 2004-05),M,2012,false
7766,LLN 2005/002,2012-01-09,2,Management of Offenders and Sentencing Bill (HL Bill 16 of session 2004-05),M,2012,false
7767,LLN 2005/001,2012-01-09,2,Charities Bill (HL Bill 15 of session 2004-05),C,2012,false
7767,LLN 2005/001,2012-01-09,2,Charities Bill (HL Bill 15 of session 2004-05),C,2012,false
7768,LLN 2004/008,2004-12-07,2,Parliament Act 1949. LLN 2004/008,P,,false
7769,LLN 2004/007,2004-07-20,2,The Human Tissue Bill 2003/04. LLN 2004/007,T,,false
7770,LLN 2004/006,2004-06-21,2,House of Lords reform since 1999. LLN 2004/006,H,,false
7771,LLN 2004/005,2004-05-28,2,The Civil Contingencies Bill. LLN 2004/005,T,,false
7772,LLN 2004/004,2004-04-13,2,"Higher Education Bill (HL Bill 56, 2003/04). LLN 2004/004",H,,false
7773,LLN 2004/003,2004-03-24,2,Children Bill (HL Bill 35 of 2003-04). LLN 2004/003,C,,false
7774,LLN 2004/002,2004-03-10,2,Asylum and Immigration Bill (HL Bill 36 2003-04). LLN 2004/002,A,,false
7775,LLN 2004/001,2004-01-27,2,Responses to proposals for constitutional reform. LLN 2004/001,R,,false
7776,LLN 2003/009,2003-10-01,2,Peerage creations 1958-2003. LLN 2003/009,P,,false
7777,LLN 2003/008,2003-09-10,2,"Hunting Bill (HL Bill 95, 2002-03). LLN 2003/008",H,,false
7778,LLN 2003/007,2003-07-11,2,Appellate jurisdiction of the House of Lords LLN 2003/007,A,,false
7779,LLN 2003/006,2003-07-09,2,"Anti-social Behaviour Bill (HL Bill 84, 2002-03) LLN 2003/006",A,,false
7780,LLN 2003/005,2003-06-10,2,Criminal Justice Bill (HL Bill 69 2002-03) LLN 2003/005,C,,false
7781,LLN 2003/004,2003-04-10,2,Extradition Bill (HL Bill 50 2002-03) LLN 2003/004,E,,false
7782,LLN 2003/003,2003-03-19,2,"Communications Bill (HL Bill 41, 2002/03) LLN 2003/003",C,,false
7783,LLN 2003/002,2003-02-18,2,"Regional Assemblies (Preparations) Bill (HL Bill 25, 2002-03) LLN 2003/002",R,,false
7784,LLN 2003/001,2003-01-13,2,Press reaction to the Joint Committee on House of Lords Reform LLN 2003/001,P,,false
7785,LLN 2002/005,2002-05-29,2,Adoption and Children Bill 2001/02 LLN 2002/005,A,,false
7786,LLN 2002/004,2002-05-13,2,Mobile telephones (re-programming) Bill (HL)(HL Bill 80 of session 2001/02) LLN 2002/004,M,,false
7787,LLN 2002/003,2002-03-07,2,Education Bill 2001/02 LLN 2002/003,E,,false
7788,LLN 2002/002,2002-02-18,2,Employment Bill 2001/02 LLN 2002/002,E,,false
7789,LLN 2001/009,2001-12-21,2,"Press reaction to the White Paper 'The House of Lords, completing the reform LLN 2001/009",P,,false
7790,LLN 2001/008,2001-11-26,2,Anti-Terrorism Crime and Security Bill 2001/02 LLN 2001/008,A,,false
7791,LLN 2001/007,2001-10-26,2,European Communities (Amendment) Bill LLN 2001/007,E,,false
7792,LLN 2001/006,2001-03-23,2,Criminal Justice and Police Bill LLN 2001/006,C,,false
7793,LLN 2001/005,2001-03-08,2,Hunting Bill LLN 2001/005,H,,false
7794,LLN 2001/003,2001-03-01,2,Peerage creations 1958-2000 LLN 2001/003,P,,false
7795,LLN 2001/004,2001-02-26,2,Tobacco Advertising and Promotion Bill LLN 2001/004,T,,false
7796,LLN 2001/002,2001-01-15,2,Culture and Recreation Bill [HL] LLN/2001/002,C,,false
7797,LLN 2001/001,2001-01-12,2,The Parliament Acts (Amendment) Bill (HL) LLN 2001/001,T,,false
7798,LLN 2000/006,2000-06-23,2,Countryside and Rights of Way Bill 1999/2000. LLN 2000/006,C,,false
7799,LLN 2000/005,2000-05-23,2,Transport Bill 1999/2000 part I national air traffic services LLN 2000/005,T,,false
7800,LLN 2000/004,2000-04-18,2,Freedom of Information Bill 1999/2000 LLN 2000/004,F,,false
7801,LLN 2000/003,2000-03-23,2,Government Resources and Accounts Bill 1999/2000 LLN 2000/003,G,,false
7802,LLN 2000/002,2000-02-28,2,Press reaction to the report of the Royal Commission on the Reform of the House of Lords LLN 2000/002,P,,false
7803,LLN 2000/001,2011-10-26,2,Divisions on delegated legislation in the House of Lords 1950-1999 LLN 2000/001,D,2011,false
7804,LLN 1999/004,1999-06-23,2,"The Immigration and Asylum Bill 1998/99, part VI LLN 99/004",T,,false
7805,LLN 1999/003,1999-05-18,2,The Greater London Authority Bill 1998/99 LLN 99/003,T,,false
7806,LLN 1999/002,1999-03-23,2,The House of Lords Bill 1998/99 LLN 99/002,T,,false
7807,LLN 1999/001,1999-01-01,2,Membership of the House of Lords LLN 99/001,M,,false
7808,LLN 1998/005,1998-11-01,2,"Peerage creations, 1958-1998 LLN 98/005",P,,false
7809,LLN 1998/004,2012-01-06,2,"Proposals for Reform of the Composition and Powers of the House of Lords, 1968-1998",P,2012,false
7809,LLN 1998/004,2012-01-06,2,"Proposals for Reform of the Composition and Powers of the House of Lords, 1968-1998",P,2012,false
7810,LLN 1998/003,1998-06-02,2,The Scotland Bill LLN 98/003,T,,false
7811,LLN 1998/002,1998-04-07,2,The Government of Wales Bill 1997/98 LLN 98/002,T,,false
7812,LLN 1998/001,1998-01-30,2,The Data Protection Bill (HL) (HL Bill 61 of session 1997/98) LLN 98/001,T,,false
7813,LLN 1997/007,1997-11-13,2,The Human Rights Bill (HL) (HL Bill 38 of session 1997/98) LLN 97/007,T,,false
7814,LLN 1997/006,1997-06-20,2,The Education (Schools) Bill (HL Bill 10 of session 1997/98) LLN 97/006,T,,false
7815,LLN 1997/005,1997-06-11,2,The Referendums (Scotland and Wales) Bill 1997-98 LLN 97/005,T,,false
7816,LLN 1997/004,1997-03-19,2,The Salisbury doctrine LLN 97/004,T,,false
7817,LLN 1997/003,1997-02-06,2,"The Education Bill, parts I to IV (HL Bill 75 of session 1996/97) LLN 97/003",T,,false
7818,LLN 1997/002,1997-01-24,2,The Crime (Sentences) Bill 1996/97 LLN 97/002,T,,false
7819,LLN 1997/001,1997-01-17,2,The Protection from Harassment Bill 1996/97 LLN 97/001,T,,false
7820,LLN 1996/010,1996-12-13,2,The Firearms (Amendment) Bill 1996/97 LLN 96/010,T,,false
7821,LLN 1996/009,1996-12-02,2,The National Health Service (Primary Care) Bill (HL) (Bill 18 of session 1996-97) LLN 96/009,T,,false
7822,LLN 1996/008,1996-11-20,2,The Police Bill (HL) LLN 96/008,T,,false
7823,LLN 1996/007,1996-11-08,2,Theft (Amendment) Bill (HL) (Bill 5 of session 1996/97) LLN 96/007,T,,false
7824,LLN 1996/006,1996-06-01,2,"Housing allocations, homelessness and the Housing Bill (Bill 86 of session 1995/96) LLN 96/006",H,,false
7825,LLN 1996/005,1996-05-14,2,Nursery Vouchers and the Nursery Education and Grant-Maintained Schools Bill (Bill 62 of session 1995/96) LLN 96/005,N,,false
7826,LLN 1996/004,1996-03-25,2,The Asylum and Immigration Bill (1995/96) LLN 96/004,T,,false
7827,LLN 1996/003,1996-03-05,2,"Proposals for reform of the composition and powers of the House of Lords, 1968-1996 LLN 96/003",P,,false
7828,LLN 1996/002,1996-01-29,2,Hansard as an aid to statutory interpretation LLN 96/002,H,,false
7829,LLN 1996/001,1996-01-22,2,Media ownership and the Broadcasting Bill (HL) (Bill 19 of session 1995/96) LLN 96/001,M,,false
7830,LLN 1995/003,1995-12-20,2,Restaurants (Service and Cover Charges) Bill (HL) (Bill 9 of session 1995/96) LLN 95/003,R,,false
7831,LLN 1995/002,1995-11-30,2,Community Care (Direct Payments) Bill (HL) (Bill 3 of session 1995/96) LLN 95/002,C,,false
7832,LLN 1995/001,1995-11-27,2,The Western European Time Bill (HL) (Bill 5 of session 1995/96) LLN 95/001,T,,false
7833,LLN 1994/001,1993-04-01,2,"The restoration of the Victoria Tower, Palace of Westminster LLN 94/001",T,,false
7834,LLN 1993/001,1993-01-14,2,The Welsh language bill (HL) (Bill 54 of session 1992/93) LLN 93/001,T,,false
7835,LLN 1992/003,1992-12-02,2,Hansard as an aid to statutory interpretation LLN 92/003,H,,false
7836,LLN 1992/002,2012-06-08,2,The Hereditary Peerages Bill (HL) (Bill 37 of session 1992/93,T,,false
7836,LLN 1992/002,2012-06-08,2,The Hereditary Peerages Bill (HL) (Bill 37 of session 1992/93 LLN 92/002,T,,false
7837,LLN 1992/001,1992-06-11,2,Judicial Pensions and Retirement Bill (HL) (Bill 16 of session 1992/93),J,,false
7838,LLN 2005/003,2005-02-17,2,"Gambling Bill (HL Bill 19, 2004-05). LLN 2005/003",G,,false
7839,LLN 2002/001,2002-01-28,2,Religious Offences Bill (H.L.) 2001/02. LLN 2002/001,R,,false
7840,LLN 2000/007,2000-08-01,2,The Criminal Justice (Mode of Trial) (No. 2) Bill. LLN 2000/007,T,,false
7841,LLN 2005/004,2005-06-14,2,The Salisbury doctrine (updated June 2005). LLN 2005/004,T,,false
7842,LLN 2005/005,2005-06-15,2,House of Lords Reform since 1999: a chronology (updated June 2005). LLN 2005/005,H,,false
7843,LLN 2005/006,2005-10-19,2,"Consumer Credit Bill (HL Bill 18, 2005-06). LLN 2005/006",C,,false
7844,LLN 2005/007,2005-11-16,2,Parliament Act 1949 (Updated November 2005). LLN 2005/007,P,,false
7845,LLN 2005/008,2005-11-11,2,Peerage creations 1958-2005. LLN 2005/008,P,,false
7846,LLN 2006/001,2006-02-23,2,"Health Bill (HL Bill 76, 2005-06). LLN 2006/001",H,,false
7847,LLN 2006/002,2006-03-20,2,The appellate jurisdiction of the House of Lords (updated March 2006). LLN 2006/002,T,,false
7848,LLN 2006/003,2006-04-06,2,"Animal Welfare Bill (HL Bill 88, 2005-06). LLN 2006/003",A,2011,false
7849,LLN 2006/004,2006-06-08,2,"Legislative and Regulatory Reform Bill (HL Bill 109, 2005-06). LLN 2006/004",L,,false
7850,LLN 2006/005,2006-06-19,2,Education and Inspections Bill (HL Bill 116 of 2005-06). LLN 2006/005,E,,false
7851,LLN 2006/006,2006-06-30,2,The Salisbury doctrine (updated June 2006). LLN 2006/006,T,,false
7852,LLN 2006/007,2006-07-19,2,House of Lords Reform since 1999: a chronology (updated July 2006). LLN 2006/007,H,,false
7853,LLN 2007/001,2007-02-02,2,"Serious Crime Bill (HL Bill 27, 2006-07). LLN 2007/001",S,2011,false
7854,LLN 2007/002,2007-03-15,2,Fraud (Trials without a Jury) Bill. LLN 2007/002,F,2011,false
7855,LLN 2007/003,2007-06-04,2,House of Lords Reform since 1999: a chronology (updated June 2007). LLN 2007/003,H,,false
7856,LLN 2007/005,2007-10-08,2,House of Lords Reform since 1997: a chronology (updated October 2007). LLN 2007/005,H,2011,false
7857,LLN 2007/004,2007-10-05,2,Peerage creations 1958-2007. LLN 2007/004,P,2011,false
7858,LLN 2007/006,2007-10-30,2,The Weatherill amendment. LLN 2007/006,T,,false
7859,LLN 2007/007,2007-11-14,2,"Human Fertilisation and Embryology Bill [HL] (HL Bill 6, 2007-08) LLN 2007/007",H,2011,false
7860,LLN 2007/008,2007-11-15,2,The appellate jurisdiction of the House of Lords (updated November 2007). LLN 2007/008,T,2011,false
7861,LLN 2007/010,2007-12-21,2,"Employment Bill [HL] (HL Bill 13, 2007-08). LLN 2007/010",E,2011,false
7862,LLN 2007/009,2007-11-21,2,The Weatherill amendment (updated November 2007). LLN 2007/009,T,2011,false
7863,LLN 2008/001,2008-01-17,2,"Criminal Justice and Immigration Bill (HL Bill 16, 2007-08). LLN 2008/001",C,2011,false
7864,LLN 2008/002,2008-01-18,2,Debate on 24th January 2008: Iraq.  LLN 2008/002,D,2011,false
7865,LLN 2008/003,2008-01-25,2,Debate on 31st January 2008: Women's Justice Board. LLN 2008/003,D,2011,false
7866,LLN 2008/004,2008-02-01,2,Debate on 7 February 2008: museums. LLN 2008/004,D,2011,false
7867,LLN 2008/005,2008-02-22,2,Debate on 28 February: NHS care. LLN 2008/005,D,2011,false
7868,LLN 2008/006,2008-02-29,2,Debate on 6th March 2008: government policy on women and girls. LLN 2008/006,D,2011,false
7869,LLN 2008/007,2008-03-07,2,Debate on 13 March 2008: Foreign and Commonwealth Office budget.  LLN 2008/007,D,2011,false
7870,LLN 2008/008,2008-03-17,2,Debate on 20th March 2008: Crime. LLN 2008/008,D,2011,false
7871,LLN 2008/009,2008-03-20,2,Debate on 27th March 2008: financial equality in the UK. LLN 2008/009,D,2011,false
7872,LLN 2008/010,2008-03-31,2,Debate on 3rd April 2008: environmental importance of Areas of Oustanding Natural Beauty (AONB).  LLN 2008/010,D,2011,false
7873,LLN 2008/011,2008-04-21,2,The Life Peerages Act 1958. LLN 2008/011,T,2019,false
7874,LLN 2008/012,2008-04-28,2,Debate on 1st May 2008: Millennium Development Goals (MDGs).  LLN 2008/012,D,2011,false
7875,LLN 2008/013,2008-05-12,2,Debate on 15th May 2008: Development of the International arms trade treaty. LLN 2008/013,D,2011,false
7876,LLN 2008/014,2008-05-19,2,Debate on 22nd May 2008: reserve forces. LLN 2008/014,D,2011,false
7877,LLN 2008/015,2008-06-16,2,Debate on 19th June 2008: Britishness.  LLN 2008/015,D,2011,false
7878,LLN 2008/016,2008-06-23,2,Debate on 26th June 2008: Higher education. LLN 2008/016,D,2011,false
7879,LLN 2008/017,2008-06-30,2,Debate on 3rd July 2008: The rise in world food prices. LLN 2008/017,D,2011,false
7880,LLN 2008/018,2008-07-04,2,House of Lords Reform since 1997: a chronology (updated July 2008). LLN 2008/018,H,2011,false
7881,LLN 2008/019,2008-07-24,2,Peerage creations 1958-2008. LLN 2008/019,P,2011,false
7882,LLN 2008/020,2008-12-11,2,Recent developments in India: debate on 18th December 2008.  LLN 2008/020,R,2011,false
7883,LLN 2009/001,2009-01-23,2,Geneva Conventions and United Nations Personnel (Protocols) Bill [HL].  LLN 2009/001,G,2011,false
7884,LLN 2009/002,2009-01-30,2,Health Bill [HL] (HL Bill 18 of 2008-09) LLN 2009/002,H,2011,false
7885,LLN 2009/003,2009-03-20,2,The potential for nuclear proliferation: debate on 26th March 2009. LLN 2009/003,T,2011,false
7886,LLN 2009/004,2009-04-20,2,Coroners and Justice Bill (HL Bill 33 of 2008-09).  LLN 2009/004,C,2011,false
7887,LLN 2009/006,2009-05-08,2,Debate on 14th May 2009: the wellbeing of children and families. LLN 2009/006,D,2011,false
7888,LLN 2009/005,2009-05-06,2,"History of the House of Lords Library.
LLN 2009/005",H,2011,false
7889,LLN 2009/007,2009-07-31,2,House of Lords Reform since 1997: a chronology (updated July 2009). LLN 2009/007,H,2011,false
7890,LLN 2009/008,2012-02-09,2,The Weatherill Amendment: Elected Hereditary Peers (updated October 2009),T,2012,false
7890,LLN 2009/008,2012-02-09,2,The Weatherill Amendment: Elected Hereditary Peers (updated October 2009),T,2012,false
7891,LLN 2009/009,2009-11-20,2,"House of Lords: expense allowances and costs. 
LLN 2009/009",H,2011,false
7892,LLN 2009/010,2007-11-15,2,"The Appellate Jurisdiction of the House of Lords (Updated November 2009). 
LLN 2009/010",T,2011,false
7893,LLN 2009/011,2009-12-03,2,Cluster Munitions (Prohibitions) Bill. LLN 2009/011,C,2011,false
7894,LLN 2010/001,2010-01-08,2,"Debate on 14th January: The Copenhagen Conference on Climate Change. 
LLN 2010/001",D,2011,false
7895,LLN 2010/002,2010-01-15,2,"Debate on 21st January: prospects for nuclear disarmament and strengthening non-proliferation. 
LLN 2010/002",D,2011,false
7896,LLN 2010/003,2010-01-22,2,"Debate on 28th January: the case For a fairer and more progressive tax system. 
LLN 2010/003",D,2011,false
7897,LLN 2010/004,2010-01-29,2,"Debate on 4th February: the national security strategy.
LLN 2010/004",D,2011,false
7898,LLN 2010/005,2010-02-05,2,"Fiscal Responsibility Bill (HL Bill 24 of 2009–2010).
LLN 2010/005",F,2011,false
7899,LLN 2010/006,2010-02-22,2,"Debate on 25th February: Higher and Further Education Funding.
LLN 2010/006",D,2011,false
7900,LLN 2010/007,2010-03-05,2,"Ceremonial in the House of Lords.
LLN 2010/007",C,2011,false
7901,LLN 2010/008,2010-03-08,2,"Debate on 11th March: The national minimum wage and poverty.
LLN 2010/008",D,2011,false
7902,LLN 2010/009,2010-03-19,2,House of Lords Reform since 1997: a chronology (updated March 2010).  LLN 2010/009,H,2011,false
7903,LLN 2010/010,2010-03-24,2,"Crime and Security Bill (HL Bill 45 of 2009–10).
LLN 2010/010",C,2011,false
7904,LLN 2010/011,2010-03-30,2,"Wash-Up: Bills Receiving Royal Assent, 1987–2005.
LLN 2010/011",W,2011,false
7905,LLN 2010/012,2010-05-25,2,"Volume of legislation.
LLN 2010/012",V,,false
7906,LLN 2010/013,2012-02-09,2,The European Union Today,T,,false
7906,LLN 2010/013,2012-02-09,2,"The European Union Today
LLN 2010/013",T,,false
7907,LLN 2010/014,2010-06-25,2,"Possible implications of House of Lords reform
LLN 2010/014",P,2011,false
7908,LLN 2010/015,2010-06-28,2,House of Lords reform 1997–2010: a chronology. LLN 2010/015,H,2011,false
7909,LLN 2010/016,2010-07-05,2,Defamation.  LLN 2010/016,D,2011,false
7910,LLN 2010/017,2010-07-08,2,"House of Lords: reform of working practices, 2000–2010
LLN 2010/017",H,,false
7911,LLN 2010/019,2010-08-20,2,"Maiden Speeches
LLN 2010/019",M,2011,false
7912,LLN 2010/018,2011-12-14,2,House of Lords: Expense Allowances and Costs,H,2011,false
7912,LLN 2010/018,2011-12-14,2,House of Lords: Expense Allowances and Costs,H,2011,false
7913,LLN 2010/020,2010-10-01,2,Debate on 5 October 2010: The charitable sector and civil society. LLN 2010/020,D,2011,false
7914,LLN 2010/021,2010-10-05,2,Debate on 7 October 2010: the Prince's Countryside Fund and support for rural communities. LLN 2010/021,D,2011,false
7915,LLN 2010/022,2010-10-08,2,Debate on 14 October 2010: Human trafficking. LLN 2010/022,D,2011,false
7916,LLN 2010/023,2010-10-15,2,Debate on 21st October 2010: immigration. LLN 2010/023,D,2011,false
7917,LLN 2010/024,2010-10-14,2,Identity Documents Bill (HL Bill 19 of 2010-11). LLN 2010/024,I,2011,false
7918,LLN 2010/025,2010-10-21,2,Superannuation Bill (HL Bill 22 of session 2010-11). LLN 2010/025,S,2011,false
7919,LLN 2010/026,2010-10-28,2,Debate on 1st November 2010: Spending Review 2010. LLN 2010/026,D,2011,false
7920,LLN 2010/027,2010-11-04,2,Public Bodies Bill (HL Bill 25 of 2010-11). LLN 2010/027,P,2011,false
7921,LLN 2010/028,2010-11-09,2,Parliamentary Voting System and Constituencies Bill (HL Bill 26 of 2010-11).  LLN 2010/028,P,2011,false
7922,LLN 2010/029,2010-11-26,2,Debate on 2nd December 2010: philanthropy. LLN 2010/029,D,2011,false
7923,LLN 2010/030,2010-12-13,2,Debate on 16 December 2010: Deepwater Horizon and its implications. LLN 2010/030,D,2011,false
7924,LLN 2011/001,2011-11-01,2,Debate on 13 January: Economic and Strategic Role of Turkey,D,2011,false
7924,LLN 2011/001,2011-11-01,2,Debate on 13 January: Economic and Strategic Role of Turkey,D,2011,false
7924,LLN 2011/001,2011-11-01,2,Debate on 13 January: Economic and Strategic Role of Turkey,D,2011,false
7925,LLN 2011/002,2011-11-01,2,Debate on 20 January: Constitutional and Parliamentary Effect of Coalition Government,D,2011,false
7925,LLN 2011/002,2011-11-01,2,Debate on 20 January: Constitutional and Parliamentary Effect of Coalition Government,D,2011,false
7925,LLN 2011/002,2011-11-01,2,Debate on 20 January: Constitutional and Parliamentary Effect of Coalition Government,D,2011,false
7926,LLN 2011/003,2011-10-26,2,Debate on 3 February: Early Parenting and Preparing a Child for Success in School,D,2011,false
7926,LLN 2011/003,2011-10-26,2,Debate on 3 February: Early Parenting and Preparing a Child for Success in School,D,2011,false
7927,LLN 2011/004,2011-11-02,2,Early Parenting and Preparing a Child for Success in School: Public Reaction,E,2011,false
7927,LLN 2011/004,2011-11-02,2,Early Parenting and Preparing a Child for Success in School: Public Reaction,E,2011,false
7928,LLN 2011/005,2011-10-26,2,Debate on 10 February: The Role of Marriage and Marriage Support in British Society,D,2011,false
7928,LLN 2011/005,2011-10-26,2,Debate on 10 February: The Role of Marriage and Marriage Support in British Society,D,2011,false
7929,LLN 2011/006,2011-10-21,2,Pensions Bill [HL] (HL Bill 37 of 2010-11),P,2011,false
7929,LLN 2011/006,2011-10-21,2,Pensions Bill [HL] (HL Bill 37 of 2010-11),P,2011,false
7930,LLN 2011/007,2011-10-13,2,Wash-up 2010,W,2011,false
7930,LLN 2011/007,2011-10-13,2,Wash-up 2010,W,2011,false
7931,LLN 2011/008,2011-11-01,2,Peerage creations since 1997,P,,false
7931,LLN 2011/008,2011-11-01,2,Peerage Creations since 1997,P,,false
7931,LLN 2011/008,2011-11-01,2,Peerage creations since 1997. LLN 2011/008,P,,false
7932,LLN 2011/009,2011-11-01,2,"Debate on 17 March: Bribery, Tax Avoidance, Corruption and Money Laundering",D,2011,false
7932,LLN 2011/009,2011-11-01,2,"Debate on 17 March: Bribery, Tax Avoidance, Corruption and Money Laundering",D,2011,false
7933,LLN 2011/010,2011-11-01,2,Economic Growth,E,2011,false
7933,LLN 2011/010,2011-11-01,2,Economic Growth,E,2011,false
7934,LLN 2011/011,2011-11-01,2,Economic Growth: Budget 2011,E,2011,false
7934,LLN 2011/011,2011-11-01,2,Economic Growth: Budget 2011,E,2011,false
7935,LLN 2011/012,2011-10-26,2,Select Committees in the House of Lords,S,,false
7935,LLN 2011/012,2011-10-26,2,Select committees in the House of Lords. LLN 2011/012,S,,false
7936,LLN 2011/013,2011-11-02,2,Police Reform and Social Responsibility Bill (HL Bill 62 of 2010-11),P,2011,false
7936,LLN 2011/013,2011-11-02,2,Police Reform and Social Responsibility Bill (HL Bill 62 of 2010-11),P,2011,false
7937,LLN 2011/014,2011-11-01,2,Debate on 28 April: Co-ordination between Government Departments on the use of Soft Power,D,2011,false
7937,LLN 2011/014,2011-11-01,2,Debate on 28 April: Co-ordination between Government Departments on the use of Soft Power,D,2011,false
7937,LLN 2011/014,2011-11-01,2,Debate on 28 April: Co-ordination between Government Departments on the use of Soft Power,D,2011,false
7938,LLN 2011/015,2011-11-01,2,Debate on 5 May: Chechnya and the North Caucasus,D,2011,false
7938,LLN 2011/015,2011-11-01,2,Debate on 5 May: Chechnya and the North Caucasus,D,2011,false
7939,LLN 2011/016,2011-11-01,2,Debate on 21 May: Safe and Active Communities,D,2011,false
7939,LLN 2011/016,2011-11-01,2,Debate on 21 May: Safe and Active Communities,D,2011,false
7939,LLN 2011/016,2011-11-01,2,Debate on 21 May: Safe and Active Communities,D,2011,false
7940,LLN 2011/017,2011-11-01,2,Debate on 19 May: European Convention on Human Rights,D,2011,false
7940,LLN 2011/017,2011-11-01,2,Debate on 19 May: European Convention on Human Rights,D,2011,false
7940,LLN 2011/017,2011-11-01,2,Debate on 19 May: European Convention on Human Rights,D,2011,false
7941,LLN 2011/018,2011-11-02,2,House of Lords Reform Draft Bill,H,2011,false
7941,LLN 2011/018,2011-11-02,2,House of Lords Reform Draft Bill,H,2011,false
7942,LLN 2011/019,2011-10-31,2,Localism Bill (HL Bill 71 of 2010-12),L,2011,false
7942,LLN 2011/019,2011-10-31,2,Localism Bill (HL Bill 71 of 2010-12),L,2011,false
7943,LLN 2011/020,2011-11-01,2,Education Bill (HL Bill 67 of 2010-12),E,2011,false
7943,LLN 2011/020,2011-11-01,2,Education Bill (HL Bill 67 of 2010-12),E,2011,false
7944,LLN 2011/021,2011-11-02,2,House of Lords Reform Draft Bill (Updated June 2011),H,2011,false
7944,LLN 2011/021,2011-11-02,2,House of Lords Reform Draft Bill (Updated June 2011),H,2011,false
7944,LLN 2011/021,2011-11-02,2,House of Lords Reform Draft Bill (Updated June 2011),H,2011,false
7945,LLN 2009/012,2009-12-10,2,Equality Bill (HL Bill 20 of 2009-10). LLN 2009/012,E,2011,false
7946,LLN 2011/023,2011-11-01,2,Scotland Bill (HL Bill 79 of 2010-12),S,2011,false
7946,LLN 2011/023,2011-11-01,2,Scotland Bill (HL Bill 79 of 2010-12),S,2011,false
7947,LLN 2011/024,2011-10-26,2,History of the House of Lords Library,H,,false
7947,LLN 2011/024,2011-10-26,2,History of the House of Lords Library [revised version]. LLN 2011/024,H,,false
7948,LLN 2011/025,2011-10-31,2,House of Lords Reform: Chronology 1900-2010,H,2011,false
7948,LLN 2011/025,2011-10-31,2,House of Lords Reform: Chronology 1900-2010,H,2011,false
7949,LLN 2011/026,2011-11-01,2,Debate on 8 September: Commonwealth Parliamentary Association and the Role of the Commonwealth,D,2011,false
7949,LLN 2011/026,2011-11-01,2,Debate on 8 September: Commonwealth Parliamentary Association and the Role of the Commonwealth,D,2011,false
7949,LLN 2011/026,2011-11-01,2,Debate on 8 September: Commonwealth Parliamentary Association and the Role of the Commonwealth,D,2011,false
8329,LLN 2011/027,2011-11-01,2,Terrorism Prevention and Investigation Measures Bill (HL Bill 91 of 2010-12),T,2011,false
8330,LLN 2011/028,2011-11-01,2,Volume of Legislation,V,,false
8340,LLN 2011/029,2011-10-05,2,Health and Social Care Bill (HL Bill 92 of 2010-12),H,2011,false
8341,LLN 2011/022,2011-10-10,2,House of Lords: Party and Group Strengths and Voting,H,,false
8358,LLN 2011/030,2012-01-12,2,Debate on 20 October: Teaching of History in Schools,D,2012,false
8392,LLN 2011/031,2011-11-01,2,Delegated Legislation in the House of Lords 2000-2011,D,2020,false
8392,LLN 2011/031,2011-11-01,2,Delegated Legislation in the House of Lords 2000-2011,D,2020,false
8398,LLN 2011/032,2011-10-31,2,Debate on 3 November: The Creative Industries,D,2011,false
8408,LLN 2011/033,2011-11-03,2,Protection of Freedoms Bill (HL Bill 99 of 2010-12),P,2011,false
8420,LLN 2011/034,2011-11-14,2,Public Attitudes Towards the House of Lords and House of Lords Reform,P,2011,false
8424,LLN 2011/035,2011-11-15,2,"Legal Aid, Sentencing and Punishment of Offenders Bill (HL Bill 109 of 2010–12)",L,2019,false
8442,LLN 2011/036,2011-12-23,2,House of Lords: Religious Representation,H,2011,false
8443,LLN 2011/037,2011-11-28,2,Debate on 1 December: International Development Policy and the Situation of Dalits,D,2011,false
8449,LLN 2011/038,2011-11-29,2,Debate on 1 December: Frontline Nursing,D,2011,false
8477,LLN 2011/039,2011-12-14,2,Financial Support for Members of the House of Lords,F,2011,false
8519,LLN 2012/001,2012-01-23,2,Question for Short Debate on 2 February: Human Trafficking,Q,2012,false
8544,LLN 2012/002,2012-02-06,2,Question for Short Debate on 8 February: Blockade of Gaza,Q,2012,false
8544,LLN 2012/002,2012-02-06,2,Question for Short Debate on 8 February: Blockade of Gaza,Q,2012,false
8549,LLN 2012/003,2012-02-09,2,The European Union Today,T,,false
8552,LLN 2012/004,2012-02-13,2,Debate on 16 February: Recent Developments in the European Union,D,2012,false
8552,LLN 2012/004,2012-02-13,2,Debate on 16 February: Recent Developments in the European Union,D,2012,false
8565,LLN 2012/005,2014-03-03,2,Women in the House of Lords,W,,false
8576,LLN 2012/006,2012-03-02,2,Public Attitudes Towards the House of Lords and House of Lords Reform,P,,false
8586,LLN 2012/007,2012-03-06,2,Regional Representation in the House of Lords,R,2012,false
8591,LLN 2012/008,2012-03-12,2,Debate on 16 March: Recent Developments in the Middle East,D,2012,false
8607,LLN 2012/009,2012-03-16,2,Work of the House of Lords: Statistics,W,2012,false
8612,LLN 2012/010,2012-03-19,2,Question for Short Debate on 26 March: Joseph Kony and the Lord's Resistance Army,Q,2012,false
8618,LLN 2012/011,2012-03-20,2,Budget 2012: Reaction,B,2012,false
8647,LLN 2012/012,2012-04-10,2,Delegated Legislation in the House of Lords 2000-2012,D,2020,false
8647,LLN 2012/012,2012-04-10,2,Delegated Legislation in the House of Lords 2000-2012,D,2020,false
8647,LLN 2012/012,2012-04-10,2,Delegated Legislation in the House of Lords 2000-2012,D,2020,false
8660,LLN 2012/013,2012-04-19,2,Sunday Trading (London Olympic Games and Paralympic Games) Bill [HL] (HL Bill 139 of 2010–12),S,2012,false
8668,LLN 2012/014,2012-04-27,2,Bibliography on Lords Reform,B,2012,false
8669,LLN 2012/015,2012-04-27,2,Joint Committee Report on the Draft House of Lords Reform Bill: Reaction,J,2012,false
8685,LLN 2012/016,2012-05-09,2,House of Lords Appointments Commission,H,2012,false
8692,LLN 2012/017,2012-05-11,2,Lord Steel of Aikwood's Private Member's Bills on House of Lords Reform,L,2012,false
8694,LLN 2012/018,2012-05-14,2,House of Lords: Ministers,H,2012,false
8703,LLN 2012/019,2012-05-17,2,European Union (Approval of Treaty Amendment Decision) Bill (HL Bill 3 of 2012–13),E,2012,false
8719,LLN 2012/020,2012-05-24,2,Crime and Courts Bill (HL Bill 4 of 2012–13),C,2012,false
8722,LLN 2012/021,2012-05-28,2,Public Attitudes Towards the House of Lords and House of Lords Reform,P,2012,false
8731,LLN 2012/022,2013-03-22,2,Members of the House of Lords: Voting at Parliamentary Elections,M,,false
8736,LLN 2012/023,2012-06-12,2,Peerage Creations since 1997,P,,false
8738,LLN 2012/024,2012-06-14,2,Justice and Security Bill [HL] (HL Bill 27 of 2012–13),J,2012,false
8743,LLN 2012/025,2012-06-18,2,Debate on 21 June: Economic Growth Strategy,D,2012,false
8760,LLN 2012/026,2012-06-27,2,House of Lords: Party and Group Strengths and Voting,H,,false
8764,LLN 2012/027,2012-06-29,2,"Debate on 5 July: The International Competitiveness of UK Industry, Exporting to Global Markets and Attracting Inward Investment",D,2012,false
8768,LLN 2012/028,2012-07-26,2,Public Attitudes Towards the House of Lords and House of Lords Reform,P,2012,false
8779,LLN 2012/029,2012-07-10,2,Debate on 13 July: Recent Developments in the Middle East,D,2012,false
8783,LLN 2012/030,2012-07-12,2,Debate on 19 July: Silk Commission on Devolution in Wales,D,2012,false
8820,LLN 2012/031,2012-08-24,2,Select Committees in the House of Lords,S,,false
8862,LLN 2012/032,2012-10-04,2,Defamation Bill (HL Bill 41 of 2012–13),D,2012,false
8866,LLN 2012/033,2012-10-18,2,"House of Lords: Reform of Working Practices, 2000-2012",H,2012,false
8868,LLN 2012/034,2012-10-16,2,Debate on 18 October: Scott Expedition to Antarctica and Scientific Legacy,D,2012,false
8879,LLN 2012/035,2012-10-19,2,Infrastructure (Financial Assistance) Bill (HL Bill 43 of 2012–13),I,2012,false
8882,LLN 2012/036,2012-10-22,2,Debate on 25 October: Looked-after Children,D,2012,false
8907,LLN 2012/037,2012-11-06,2,Debate on 8 November: Olympic and Paralympic Games Legacy,D,2012,false
8914,LLN 2012/038,2012-11-12,2,Enterprise and Regulatory Reform Bill (HL Bill 45 of 2012–13),E,2012,false
8924,LLN 2012/039,2012-11-19,2,Debate on 22 November: Successor Framework to the Millennium Development Goals,D,2012,false
8938,LLN 2012/040,2012-11-26,2,Debate on 29 November: Diabetic Services,D,2012,false
8944,LLN 2012/041,2012-11-30,2,Leveson Report: Reaction,L,2012,false
8956,LLN 2012/042,2012-12-07,2,Autumn Statement 2012: Reaction,A,2012,false
8963,LLN 2012/043,2012-12-11,2,Debate on 14 December: Older People,D,2012,false
8967,LLN 2012/044,2012-12-13,2,Debate on 17 December: European Union (Croatian Accession and Irish Protocol) Bill (HL Bill 59) and European Union (Approvals) Bill [HL] (HL Bill 57),D,2012,false
8973,LLN 2012/045,2012-12-17,2,Public Service Pensions Bill (HL Bill 67 of 2012–13),P,2012,false
8988,LLN 2012/046,2012-12-24,2,Growth and Infrastructure Bill (HL Bill 72 of 2012–13),G,2012,false
9010,LLN 2013/001,2013-01-22,2,Debate on 24 January: Multilateral Nuclear Disarmament,D,2013,false
9010,LLN 2013/001,2013-01-22,2,Debate on 24 January: Multilateral Nuclear Disarmament,D,2013,false
9016,LLN 2013/002,2013-01-28,2,Debate on 31 January: Prime Minister’s Speech on Europe,D,2013,false
9022,LLN 2013/003,2013-01-29,2,Antarctic Bill (HL Bill 76 of 2012-13),A,2013,false
9034,LLN 2013/004,2013-02-06,2,Welfare Benefits Up-rating Bill (HL Bill 78 of 2012-13),W,2013,false
9043,LLN 2013/005,2013-02-11,2,Succession to the Crown Bill (HL Bill 81 of 2012–13),S,2013,false
9075,LLN 2013/006,2013-03-22,2,Debate on 14 March: Afghanistan’s Regional Relationships,D,2013,false
9096,LLN 2013/007,2013-03-21,2,Budget 2013: Reaction,B,2013,false
9152,LLN 2013/008,2013-05-10,2,Volume of Legislation,V,2013,false
9163,LLN 2013/009,2013-05-16,2,Offender Rehabilitation Bill [HL] (HL Bill 2 of 2013–14),O,2013,false
9164,LLN 2013/010,2013-05-17,2,Care Bill [HL] (HL Bill 1 of 2013-14),C,2013,false
9178,LLN 2013/011,2013-05-30,2,Marriage (Same Sex Couples) Bill (HL Bill 29 of 2013-14),M,2013,false
9193,LLN 2013/012,2013-06-07,2,Debate on 13 June: Government's Priorities at the G8,D,2013,false
9201,LLN 2013/013,2013-06-13,2,Energy Bill (HL Bill 30 of 2013-14),E,2013,false
9205,LLN 2013/014,2013-06-19,2,Debate on 20 June: Report of the Commission on a Bill of Rights,D,2013,false
9210,LLN 2013/015,2013-06-26,2,Debate on 27 June: the Challenges Faced by Women in Developing Countries,D,2013,false
9217,LLN 2013/016,2013-06-25,2,Extension of Franchise (House of Lords) Bill [HL],E,2013,false
9220,LLN 2013/017,2013-06-27,2,"Debate on 1 July: Recent Developments in Syria, the Middle East and North Africa",D,2013,false
9223,LLN 2013/018,2013-07-01,2,Children and Families Bill (HL Bill 32 of 2013–14),C,2013,false
9229,LLN 2013/019,2013-07-05,2,Debate on 11 July: Effect of Cuts in Legal Aid Funding on the Justice System,D,2013,false
9234,LLN 2013/020,2013-07-15,2,Debate on 18 July: Role of Government in Generating Economic Prosperity and Employment,D,2013,false
9245,LLN 2013/021,2013-07-22,2,Financial Services (Banking Reform) Bill,F,2013,false
9246,LLN 2013/022,2013-07-22,2,Debate on 25 July: Contributions of English Premier League Football to the United Kingdom,D,2013,false
9304,LLN 2013/023,2013-09-27,2,Select Committees in the House of Lords,S,,false
9309,LLN 2013/024,2013-10-04,2,Debate on 10 October: Parity of Esteem for Mental and Physical Health,D,2013,false
9310,LLN 2013/025,2013-12-05,2,Maiden Speeches,M,2013,false
9319,LLN 2013/026,2013-10-14,2,Debate on 17 October: Drugs Policy,D,2013,false
9320,LLN 2013/027,2013-11-19,2,Debate on 17 October: Commonwealth Heads of Government Meeting in Sri Lanka,D,2013,false
9326,LLN 2013/028,2013-10-17,2,"Transparency of Lobbying, Non-Party Campaigning and Trade Union Administration Bill (HL Bill 50 of 2013–4)",T,2013,false
9331,LLN 2013/029,2013-10-25,2,"Anti-social Behaviour, Crime and Policing Bill (HL Bill 52 of 2013–14)",A,2013,false
9333,LLN 2013/030,2013-10-30,2,House of Lords: Profile of Membership,H,2013,false
9334,LLN 2013/031,2013-10-31,2,Debate on 7 November: Relationship between the UK and China,D,2013,false
9337,LLN 2013/032,2013-11-01,2,Debate on 7 November: The Armed Forces and Legal Challenge,D,2013,false
9349,LLN 2013/033,2013-11-15,2,Debate on 21 November: ResPublica Report 'Holistic Missions Social Action and the Church of England',D,2013,false
9349,LLN 2013/033,2013-11-15,2,Debate on 21 November: ResPublica Report 'Holistic Missions Social Action and the Church of England',D,2013,false
9354,LLN 2013/034,2013-11-19,2,Debate on 21 November: Her Majesty’s Government’s Policy Towards Countries Responsible for Violations of Human Rights,D,2013,false
9360,LLN 2013/035,2013-11-22,2,Debate on 28 November: Broadcast Media,D,2013,false
9366,LLN 2013/036,2013-11-26,2,Debate on 28 November: Policing,D,2013,false
9367,LLN 2013/037,2013-12-04,2,Pensions Bill (HL Bill 55 of 2013-14),P,2013,false
9379,LLN 2013/038,2013-12-06,2,Defence Reform Bill,D,2013,false
9380,LLN 2013/039,2013-12-09,2,Debate on 12 December: Reducing the Size of the House of Lords,D,2013,false
9395,LLN 2013/040,2014-01-02,2,Peerage creations since 1997,P,,false
9405,LLN 2014/001,2014-01-07,2,European Union (Referendum) Bill (HL Bill 63 of 2013–14),E,2014,false
9422,LLN 2014/002,2014-01-22,2,Water Bill,W,2014,false
9430,LLN 2014/003,2014-01-27,2,Debate on 30 January: Scottish Independence Referendum,D,,false
9444,LLN 2014/004,2014-02-06,2,Immigration Bill (HL Bill 84 of 2013–14),I,2014,false
9447,LLN 2014/005,2014-02-10,2,Regional Representation in the House of Lords,R,2014,false
9454,LLN 2014/006,2014-02-13,2,Debate on 27 February: Syria and the Middle East,D,2014,false
9477,LLN 2014/007,2014-03-17,2,"Debate on 6 March: The Contribution of Women to the Economy of the UK, to Mark International Women’s Day",D,2014,false
9478,LLN 2014/008,2014-03-03,2,Women in the House of Lords,W,,false
9488,LLN 2014/009,2014-03-18,2,House of Lords Reform (No 2) Bill (HL Bill 92 of 2013–14),H,2014,false
9490,LLN 2014/010,2014-03-27,2,Second Chambers,S,2014,false
9498,LLN 2014/011,2014-03-18,2,Debate on 20 March: The Level of Employment in the United Kingdom,D,2014,false
9503,LLN 2014/012,2014-03-24,2,Budget 2014: Reaction,B,2014,false
9506,LLN 2014/013,2014-06-24,2,"Britain and the First World War: Parliament, Empire and Commemoration",B,2014,false
9512,LLN 2014/014,2014-03-31,2,Hereditary Peers in the House of Lords: 1999 to 2014,H,2024,false
9512,LLN 2014/014,2014-03-31,2,Hereditary Peers in the House of Lords: 1999 to 2014,H,2024,false
9542,LLN 2014/015,2014-04-25,2,The European Union,T,,false
9547,LLN 2014/016,2014-04-30,2,Debate on 6 May: Actions Taken Following the Publication in 2013 of the Report of the Select Committee on Small and Medium Sized Enterprises,D,2016,false
9602,LLN 2014/017,2014-06-12,2,"Membership of the House of Lords: Ethnicity, Religion and Disability",M,2014,false
9609,LLN 2014/018,2014-06-16,2,Infrastructure Bill [HL] (HL Bill 2 of 2014–15),I,2014,false
9613,LLN 2014/019,2014-06-17,2,"An Overview of the History, Work and Membership of the House of Lords",A,,false
9616,LLN 2014/020,2014-06-19,2,Referendum on Scottish Independence,R,2014,false
9618,LLN 2014/021,2014-06-23,2,Polling Data on the Scottish Independence Referendum,P,,false
9622,LLN 2014/022,2014-06-25,2,Criminal Justice and Courts Bill (HL Bill 30 of 2014–15),C,2014,false
9624,LLN 2014/023,2014-06-26,2,Consumer Rights Bill (HL Bill 29 of 2014–15),C,2014,false
9631,LLN 2014/024,2014-07-03,2,Deregulation Bill (HL Bill 33 of 2014–15),D,2014,false
9652,LLN 2014/025,2014-07-16,2,Wales Bill (HL Bill 34 of 2014–15),W,2014,false
9658,LLN 2014/026,2014-07-21,2,Debate on 24 July 2014: International Compliance with Article 18 of the Universal Declaration of Human Rights Concerning Freedom of Belief,D,2014,false
9677,LLN 2014/027,2014-08-08,2,Polling Data on the Scottish Independence Referendum,P,2014,false
9678,LLN 2014/028,2014-08-08,2,Understanding and Sourcing Political Opinion Polls,U,2014,false
9688,LLN 2014/029,2014-08-15,2,"The Impact of Personal Indebtedness in United Kingdom Households, Especially on Children",T,2014,false
9737,LLN 2014/030,2014-10-14,2,Debate on 16 October: Social Justice Strategy,D,,false
9749,LLN 2014/031,2014-10-23,2,Debate on 29 October 2014: Devolution Following the Scotland Referendum,D,2014,false
9756,LLN 2014/032,2014-10-30,2,"Social Action, Responsibility and Heroism Bill (HL Bill 47 of 2014–15)",S,2014,false
9758,LLN 2014/033,2014-11-03,2,"Women Facing Homelessness, Domestic Violence and Social Exclusion",W,2014,false
9770,LLN 2014/034,2014-11-10,2,Impact of the United Nations Convention on the Rights of the Child on Children’s and Young People’s Online and Digital Interactions,I,2014,false
9776,LLN 2014/035,2014-11-13,2,Modern Slavery Bill (HL Bill 51 of 2014–15),M,2014,false
9782,LLN 2014/036,2014-11-17,2,The Azure Card,T,2014,false
9789,LLN 2014/037,2014-11-25,2,The Case for Arts Education in Schools,T,2014,false
9800,LLN 2014/038,2014-11-28,2,"Small Business, Enterprise and Employment Bill (HL Bill 57 of session 2014–15)",S,2014,false
9806,LLN 2014/039,2014-12-01,2,The Role of Soft Power and Non-Military Options in Conflict Prevention,T,2014,false
9813,LLN 2014/040,2014-12-03,2,Select Committees in the House of Lords,S,,false
9814,LLN 2014/041,2014-12-03,2,History of the House of Lords Library,H,,false
9816,LLN 2014/042,2014-12-03,2,Childcare Payments Bill (HL Bill 56 of 2014–15),C,2014,false
9823,LLN 2014/043,2014-12-05,2,Global Development Goals in 2015,G,2014,false
9824,LLN 2014/044,2014-12-08,2,Enabling Economic Leadership for Cities,E,2014,false
9843,LLN 2014/045,2015-01-07,2,Size of the House of Lords,S,2015,false
9877,LLN 2015/001,2015-01-29,2,A Brief History of the Magna Carta,A,2015,false
9883,LLN 2015/002,2015-02-03,2,Lords Spiritual (Women) Bill (HL Bill 87 of 2014–15),L,2015,false
9885,LLN 2015/003,2015-02-05,2,The Governance and Administration of the House of Lords,T,,false
9886,LLN 2015/004,2015-02-09,2,The Governance and Administration of the House of Lords,T,,false
9891,LLN 2015/005,2015-02-13,2,Retirement from the House of Lords,R,2015,false
9908,LLN 2015/006,2015-03-02,2,Women’s Economic Empowerment,W,2015,false
9947,LLN 2015/007,2015-03-19,2,Principal Office Holders in the House of Lords,P,2015,false
9948,LLN 2015/008,2015-03-20,2,Constitutional Conventions: Possible Options in the New Parliament,C,2015,false
9954,LLN 2015/009,2015-03-25,2,House of Lords Reform 2010–15,H,2015,false
10009,LLN 2015/0010,2015-05-20,2,Peerage Creations since 1997,P,,false
10013,LLN 2015/0011,2015-05-21,2,"House of Lords: Maiden and Valedictory Speeches, 2010–2015",H,2016,false
10015,LBP 2015/0001,2015-05-21,2,"Debate on Day One of the 2015 Queen’s Speech: Foreign Affairs, Defence, EU and International Development",D,2015,false
10016,LBP 2015/0002,2015-05-21,2,"Debate on Day Two of the 2015 Queen’s Speech: Constitutional Affairs, Legal Affairs and Devolved Affairs",D,2015,false
10017,LBP 2015/0003,2015-05-21,2,"Debate on Day Three of the 2015 Queen’s Speech: Home Affairs, Local Government, Energy, Environment and Agriculture",D,2015,false
10019,LBP 2015/0004,2015-05-21,2,"Debate on Day Four of the 2015 Queen’s Speech: Health, Education, Welfare and Culture",D,2015,false
10020,LBP 2015/0005,2015-05-21,2,"Debate on Day Five of the 2015 Queen’s Speech: Business, Economic Affairs and Transport",D,2015,false
10023,LIN 2015/0001,2015-05-26,2,Statistics on Retirements from the House of Lords,S,,false
10024,LIN 2015/0002,2015-05-27,2,The Salisbury-Addison Convention,T,,false
10033,LLN 2015/0012,2015-06-02,2,House of Lords: Profile of Membership,H,2015,false
10035,LIF 2015/0001,2015-06-02,2,Presidential Elections in Poland,P,2015,false
10036,LIF 2015/0002,2015-06-02,2,Referendum on Same-Sex Marriage in Ireland,R,2015,false
10037,LIF 2015/0003,2015-06-02,2,The Mediterranean Migrant Crisis,T,2015,false
10042,LBP 2015/0006,2015-06-04,2,QSD on What Steps the Government is Taking to Encourage Innovation by NHS England,Q,2015,false
10047,LBP 2015/0007,2015-06-04,2,"Debate on the Role played by Civil Society, in the Light of the Pastoral Letter from the Church of England’s House of Bishops Who is my Neighbour",D,2015,false
10048,LLN 2015/0013,2015-06-04,2,Cities and Local Government Devolution Bill [HL] (HL Bill 1 of 2015–16),C,2015,false
10050,LBP 2015/0008,2015-06-04,2,Psychoactive Substances Bill [HL] 2015–16,P,2015,false
10054,LBP 2015/0009,2015-06-05,2,Charities (Protection and Social Investment) Bill [HL] 2015–16,C,2015,false
10055,LBP 2015/0010,2015-06-05,2,"QSD on the 200th Anniversary of the Gurkhas’ Service to the Crown and the Gurkha Welfare Trust, Particularly in the Light of the Recent Earthquakes in Nepal",Q,2015,false
10059,LBP 2015/0011,2015-06-08,2,"Debate on Empowering Women, including Widows, in the Developing World in order to Aid Conflict Resolution and the Long-Term Sustainability of More Stable Societies",D,2015,false
10059,LBP 2015/0011,2015-06-08,2,"Debate on Empowering Women, including Widows, in the Developing World in order to Aid Conflict Resolution and the Long-Term Sustainability of More Stable Societies",D,2015,false
10068,LLN 2015/0014,2015-06-10,2,Childcare Bill [HL] (HL Bill 9 of 2015–16),C,2015,false
10070,LBP 2015/0012,2015-06-10,2,Debate on Transport Connectivity and Infrastructure in the North of England,D,2015,false
10071,LBP 2015/0013,2015-06-10,2,Debate on HM Government’s Support for Trade and Investment and the Contribution such Support Makes to Economic Growth,D,2015,false
10074,LBP 2015/0014,2015-06-11,2,QSD on the Law Governing Elections in the UK,Q,2015,false
10075,LBP 2015/0015,2015-06-11,2,QSD on the Sustainable Development Goals to be Agreed by the United Nations in September,Q,2015,false
10077,LBP 2015/0016,2015-06-11,2,QSD on Whether the Current Defence Budget is Sufficient to Enable the Armed Forces to Meet the Needs of the UK's Long-term Foreign Policy,Q,2015,false
10078,LBP 2015/0017,2015-06-11,2,QSD on Corruption in the UK in the Light of Transparency International UK's Report 'Corruption on your Doorstep: How Corrupt Capital is Used to buy Property in the UK',Q,2015,false
10080,LBP 2015/0018,2015-06-11,2,QSD on EU Co-ordination on the Rescue of Middle East and African Asylum Seekers in Europe,Q,2015,false
10086,LBP 2015/0019,2015-06-12,2,Debate on Recent and Proposed Reforms to the State and Private Pensions,D,2015,false
10089,LBP 2015/0021,2015-06-15,2,QSD on the Impact of Paving Over Front Gardens and the Regulations and Development Rights Relating to Front Gardens,Q,2015,false
10090,LBP 2015/0020,2015-06-15,2,Debate on the Contribution of the Creative Industries to the United Kingdom Economy,D,2015,false
10091,LBP 2015/0022,2015-06-15,2,"QSD on How the Powers Promised to Wales and Scotland will Operate Within New, Balanced UK Governmental Structures",Q,2015,false
10092,LBP 2015/0023,2015-06-15,2,QSD on the Regulation of the Opinion-polling Industry,Q,2015,false
10095,LIF 2015/0004,2015-06-16,2,Regulation of Political Opinion Polling Bill [HL],R,2015,false
10096,LIF 2015/0005,2015-06-16,2,Easter Trading Bill [HL],E,2015,false
10097,LIF 2015/0006,2015-06-16,2,Airports Act 1986 (Amendment) Bill [HL],A,2015,false
10100,LLN 2015/0015,2015-06-16,2,The United Nations,T,2015,false
10105,LIF 2015/0007,2015-06-17,2,Recent Developments in Syria,R,2015,false
10106,LIF 2015/0008,2015-06-17,2,"Parliamentary Elections in Turkey, 2015",P,2015,false
10107,LIF 2015/0009,2015-06-17,2,The Honours System,T,2015,false
10108,LBP 2015/0024,2015-06-17,2,QSD on the Government's Plan to Ensure the 2016 Welsh Assembly Elections Provide an Opportunity to Reflect Changes to the Welsh Devolution Settlement,Q,2015,false
10109,LBP 2015/0025,2015-06-17,2,QSD on the Work of the Commonwealth War Graves Commission,Q,2015,false
10112,LBP 2015/0026,2015-06-18,2,QSD on the Political Situation in Syria,Q,2015,false
10115,LBP 2015/0027,2015-06-18,2,Debate on the Amount of Affordable Housing in All Forms of Tenure and the Case for Increasing the Supply of Affordable Housing,D,2015,false
10117,LBP 2015/0028,2015-06-19,2,"Debate on the Report by the Care Quality Commission Right Here, Right Now, Regarding Providing Young People with Adequate Help, Care and Support During a Mental Health Crisis",D,2015,false
10120,LBP 2015/0029,2015-06-19,2,QSD on the Requirement for all Leaseholders to Agree if they Wish to become Holders in Common,Q,2015,false
10121,LIF 2015/0010,2015-06-19,2,Statistics on Retirements from the House of Lords,S,2015,false
10122,LIF 2015/0011,2015-06-19,2,The Salisbury-Addison Convention,T,2015,false
10125,LBP 2015/0030,2015-06-22,2,Debate on the Implications of the Constitutional Changes Proposed in the Queen’s Speech,D,2015,false
10132,LBP 2015/0031,2015-06-24,2,QSD on the Current Situation in Sierra Leone and Plans to Assist in its Recovery from the Ebola Outbreak,Q,2015,false
10133,LBP 2015/0032,2015-06-24,2,QSD on what plans the Government have to respond to the recommendations of the Children and Young People’s Mental Health Task Force Report 'Future in Mind',Q,2015,false
10134,LBP 2015/0033,2015-06-24,2,QSD on the Steps Being Taken to Tackle Litter in Both Urban and Rural Areas,Q,2015,false
10135,LIF 2015/0012,2015-06-24,2,"Parliamentary Elections in Denmark, June 2015",P,2015,false
10136,LIF 2015/0013,2015-06-24,2,Drought in North Korea,D,2015,false
10139,LBP 2015/0034,2015-06-25,2,QSD on the Steps Being Taken to Help Those with Type 1 and 2 Diabetes to Educate Themselves about the Management of the Disease,Q,2015,false
10141,LLN 2015/0016,2015-06-26,2,Human Rights and Civil Liberties in the United Kingdom,H,2015,false
10144,LBP 2015/0035,2015-06-29,2,"Debate on the UK’s Role in Addressing Global Challenges Posed by Terrorism, Conflict, Climate Change and Mass Migration",D,2015,false
10148,LLN 2015/0017,2015-06-30,2,Women in the House of Lords,W,2015,false
10153,LBP 2015/0036,2015-07-01,2,QSD on the Contribution of Britain’s Ethnic Minorities to Faith Communities and Public Institutions in the United Kingdom,Q,2015,false
10154,LBP 2015/0037,2015-07-01,2,Debate on the Report from the European Union Committee on the Post-Crisis EU Regulatory Framework,D,2015,false
10155,LBP 2015/0038,2015-07-01,2,QSD on the Political Situation in the Gaza Strip,Q,2015,false
10156,LIF 2015/0014,2015-07-01,2,Transatlantic Trade and Investment Partnership,T,2016,false
10157,LIF 2015/0015,2015-07-01,2,The Charleston Shootings and the Protests against the Confederate Flag in the United States,T,2015,false
10158,LBP 2015/0039,2015-07-01,2,European Union (Approvals) Bill [HL],E,2015,false
10159,LBP 2015/0040,2015-07-01,2,Debate on the Report from the Constitution Committee on the Office of Lord Chancellor,D,2015,false
10163,LBP 2015/0041,2015-07-02,2,Debate on the Displacement of Refugees and Migrants from Asia and Africa and the Measures Being Taken,D,,false
10164,LBP 2015/0042,2015-07-02,2,Debate on the Displacement of Refugees and Migrants from Asia and Africa and the Measures Being Taken,D,2015,false
10164,LBP 2015/0042,2015-07-02,2,Debate on the Displacement of Refugees and Migrants from Asia and Africa and the Measures Being Taken,D,2015,false
10166,LBP 2015/0043,2015-07-03,2,European Union (Finance) Bill HL Bill 50 of 2015–16,E,2015,false
10167,LLN 2015/0018,2015-07-03,2,Reports into Investigatory Powers,R,2015,false
10169,LBP 2015/0044,2015-07-03,2,QSD on Safeguarding the Physical and Mental Health of Children and Young People,Q,2015,false
10173,LLN 2015/0019,2015-07-06,2,Sustainability of the National Health Service as a Public Service Free at the Point of Need,S,2015,false
10176,LBP 2015/0045,2015-07-06,2,QSD on Mental Health Services in Schools and Colleges,Q,2015,false
10182,LIF 2015/0016,2015-07-07,2,US Supreme Court Ruling on Same-Sex Marriage,U,2015,false
10183,LIF 2015/0017,2015-07-07,2,Human Rights in South Sudan,H,2015,false
10184,LIF 2015/0018,2015-07-07,2,"Greek Referendum on EU, ECB and IMF Bailout Proposals, 5 July 2015",G,2016,false
10187,LBP 2015/0046,2015-07-08,2,QSD on Proposals for English Votes on English Laws,Q,2015,false
10192,LBP 2015/0047,2015-07-09,2,QSD on the Government's Plans for the Future of the BBC,Q,2015,false
10193,LBP 2015/0048,2015-07-09,2,Report from the House of Lords EU Committee on the UK’s Opt-in Protocol,R,2015,false
10194,LIF 2015/0019,2015-07-09,2,Online Safety Bill [HL],O,2015,false
10195,LBP 2015/0049,2015-07-10,2,QSD on the Shared Values that Underpin British Public Life,Q,2015,false
10196,LLN 2015/0020,2015-07-10,2,The ‘Responsibility to Protect’ and the Application of this International Norm by the UK and the UN,T,2015,false
10197,LBP 2015/0050,2015-07-10,2,QSD on What Plans the Government has to Prevent the Population of the UK Reaching an Unsustainable Level,Q,2015,false
10199,LBP 2015/0051,2015-07-10,2,Sustainability of Rural Communities and Service Provision in Rural Areas,S,2015,false
10204,LIF 2015/0020,2015-07-13,2,Accessible Sports Grounds Bill [HL],A,2015,false
10205,LBP 2015/0052,2015-07-13,2,QSD on England’s Biodiversity and Farming Methods that Help Ensure a Healthy Ecosystem,Q,2015,false
10206,LIF 2015/0021,2015-07-13,2,Constitutional Convention Bill [HL],C,2015,false
10207,LBP 2015/0053,2015-07-13,2,Debate on Worldwide Violations of Article 18 of the 1948 Universal Declaration of Human Rights and the Priority Given by the UK and the International Community to Upholding Freedom of Religion and Belief,D,2015,false
10208,LBP 2015/0054,2015-07-13,2,QSD on the Outbreak of Ebola in Sierra Leone and Healthcare Systems in Sub-Saharan Africa,Q,2015,false
10221,LIF 2015/0022,2015-07-16,2,China’s Stock Market ‘Crash’,C,2015,false
10222,LLN 2015/0021,2015-07-16,2,Debate on the Budget Statement,D,2015,false
10225,LBP 2015/0055,2015-07-17,2,Debate on the Report from the EU Committee on the Proposal to Establish Provisional Measures in the Area of International Protection for the Benefit of Italy and Greece,D,2015,false
10226,LLN 2015/0022,2015-07-17,2,Energy Bill [HL] (HL Bill 56 of 2015–16),E,2015,false
10229,LIF 2015/0023,2015-07-20,2,Obesity Levels in England,O,2015,false
10232,LIF 2015/0024,2015-07-22,2,Air Quality and Health in the UK,A,2015,false
10233,LIF 2015/0025,2015-07-23,2,Agreement on Iran’s Nuclear Capabilities,A,2015,false
10238,LLN 2015/0023,2015-07-23,2,House of Lords: Party and Group Strengths and Voting,H,,false
10241,LBP 2015/0056,2015-07-31,2,Debate on the Report from the EU Committee on Civilian Use of Drones in the EU,D,2015,false
10256,LLN 2015/0024,2015-08-20,2,Productivity in the United Kingdom and the British Economy Beyond Austerity,P,2015,false
10259,LLN 2015/0025,2015-08-24,2,Customs and Traditions in the House of Lords,C,2017,false
10267,LBP 2015/0057,2015-09-03,2,QSD on the Treatment of Lymphoedema in the NHS,Q,2015,false
10269,LLN 2015/0026,2015-09-03,2,BBC: Future Financing and Independence,B,2015,false
10270,LBP 2015/0058,2015-09-03,2,"QSD on the Effectiveness of the United Nations, in Particular the Selection Processes for the Secretary-General and Other Senior Appointments",Q,2015,false
10272,LBP 2015/0059,2015-09-04,2,Debate on the Report from the Communications Committee on Women in News and Current Affairs Broadcasting,D,2015,false
10274,LIF 2015/0026,2015-09-04,2,Peerage Creations since 1997,P,,false
10276,LLN 2015/0027,2015-09-07,2,The Governance and Administration of the House of Lords,T,2015,false
10280,LIF 2015/0027,2015-09-08,2,Property Boundaries (Resolution of Disputes) Bill [HL],P,2015,false
10281,LIF 2015/0028,2015-09-08,2,Council Tax Valuation Bands Bill [HL],C,2015,false
10282,LIF 2015/0029,2015-09-08,2,Succession to Peerages Bill [HL],S,2015,false
10287,LBP 2015/0060,2015-09-09,2,Debate on the Report from the Extradition Law Committee on Extradition: UK Law and Practice,D,2015,false
10288,LIF 2015/0030,2015-09-09,2,Statistics on Composition of the House of Lords and Changes to the Size of the Membership,S,,false
10289,LBP 2015/0061,2015-09-09,2,Debate on the Report of the Economic Affairs Committee on the Economic Case for High Speed 2,D,2015,false
10290,LLN 2015/0028,2015-09-10,2,Sustainable Development Goals: Parliamentary Perspectives,S,2015,false
10291,LBP 2015/0062,2015-09-10,2,Debate on the Role and Capabilities of the UK Armed Forces in the Light of Global and Domestic Threats to Stability and Security,D,2015,false
10293,LBP 2015/0063,2015-09-10,2,Debate on the Size of the House of Lords,D,2015,false
10294,LLN 2015/0029,2015-09-10,2,Treatment of LGBTI Citizens Worldwide,T,2015,false
10296,LBP 2015/0064,2015-09-10,2,"QSD on What Steps are the Government Taking to Support the Dairy Industry in the United Kingdom, in Light of the European Union Aid Package",Q,2015,false
10297,LBP 2015/0065,2015-09-10,2,Debate on the Forthcoming Summit on Sustainable Development Goals and the Government’s Objectives,D,2015,false
10300,LBP 2015/0066,2015-09-11,2,Debate on the Humanitarian Impact of Developments in the Middle East and North Africa,D,2015,false
10304,LLN 2015/0030,2015-09-15,2,Recent Developments in the Middle East and North Africa,R,2023,false
10333,LLN 2015/0031,2015-09-30,2,Select Committees in the House of Lords,S,2015,false
10341,LLN 2015/0032,2015-10-07,2,Enterprise Bill (HL Bill 63 of 2015–16),E,2015,false
10345,LBP 2015/0068,2015-10-08,2,QSD on the Impact Shared Spaces have on Blind and Vision-Impaired People and Whether Guidance for Local Authorities on Shared Spaces is Fit for Purpose,Q,2015,false
10346,LLN 2015/0033,2015-10-08,2,European Union Referendum Bill,E,2015,false
10346,LLN 2015/0033,2015-10-08,2,European Union Referendum Bill,E,2015,false
10347,LBP 2015/0067,2015-10-08,2,European Union Referendum Bill 2015–16: Second Reading,E,2015,false
10358,LBP 2015/0069,2015-10-09,2,"QSD on Sustainable Supply of Affordable Housing in Rural Communities, Particularly in the Light of the Planned Extension of the Right to Buy Scheme",Q,2015,false
10360,LBP 2015/0070,2015-10-12,2,"Debate on the Government’s Consultation Paper, A New Strategy for Sport",D,2015,false
10361,LLN 2015/0034,2015-10-12,2,"Availability and Quality of Apprenticeships, and the Spread of Apprenticeships across the Labour Market",A,2015,false
10365,LLN 2015/0035,2015-10-13,2,Digital Democracy: Political Participation and Citizen Engagement through the Internet,D,2015,false
10371,LIF 2015/0031,2015-10-15,2,Measuring Full Employment,M,2015,false
10372,LBP 2015/0071,2015-10-15,2,QSD on the Merits of Different Forms of Nuclear Technology,Q,2015,false
10373,LBP 2015/0072,2015-10-15,2,Present and Future Strength of the Reserves of the British Armed Forces,P,2015,false
10376,LLN 2015/0036,2015-10-15,2,Education and Adoption Bill (HL Bill 64 of 2015-16),E,2015,false
10377,LBP 2015/0073,2015-10-15,2,QSD on Proposals for Bringing Up to Date the Regulation of the Taxi and Private Car Hire Market,Q,2015,false
10378,LBP 2015/0074,2015-10-15,2,Debate on the Case for Creating the Right Education and Employment Opportunities in the United Kingdom,D,2015,false
10379,LBP 2015/0075,2015-10-16,2,QSD on Palliative and Social Care at the End of Life,Q,2015,false
10381,LBP 2015/0076,2015-10-16,2,Debate on the Case for Private Ownership of Industries and Institutions in the UK,D,2015,false
10382,LBP 2015/0077,2015-10-16,2,Debate on the Government’s Proposals on English Votes for English Laws,D,2015,false
10383,LBP 2015/0078,2015-10-19,2,QSD on Lyme Disease and Other Tick-related Illnesses,Q,2015,false
10384,LBP 2015/0079,2015-10-19,2,QSD on the Case for Discharging the Chairman and Members of the Chilcot Inquiry,Q,2015,false
10386,LBP 2015/0080,2015-10-19,2,"QSD on What Steps the Government are Taking, if any, to Promote Article 18 of the 1948 Universal Declaration on Human Rights",Q,2015,false
10389,LIF 2015/0032,2015-10-20,2,Access to Palliative Care Bill [HL],A,2015,false
10390,LIF 2015/0033,2015-10-20,2,Advertising of Prostitution (Prohibition) Bill [HL],A,2015,false
10391,LIF 2015/0034,2015-10-20,2,Arbitration and Mediation Services (Equality) Bill [HL],A,2015,false
10393,LIF 2015/0035,2015-10-20,2,"Catalan Parliamentary Elections, 27 September 2015",C,2015,false
10394,LIF 2015/0036,2015-10-20,2,Water on Mars,W,2015,false
10407,LLN 2015/0037,2015-10-22,2,Bank of England and Financial Services Bill [HL] (HL Bill 65 of 2015–16),B,2015,false
10409,LIF 2015/0037,2015-10-22,2,Delegated Legislation in the House of Lords,D,2023,false
10413,LBP 2015/0081,2015-10-23,2,Topical QSD on HMG’s Strategy for Tackling the Refugee Crisis in Syria in Light of the Recent Assault by the Syrian Armed Forces on Aleppo,T,2015,false
10415,LLN 2015/0038,2015-10-23,2,"Harris Review on Self-inflicted Deaths in Custody of 18–24 year olds, 'Changing Prisons, Saving Lives'",H,2015,false
10417,LBP 2015/0082,2015-10-23,2,QSD on Whether the Government Plan to Make Changes to the Disabled Students’ Allowance,Q,2015,false
10420,LLN 2015/0039,2015-10-26,2,Global Action on Climate Change,G,2015,false
10425,LBP 2015/0083,2015-10-26,2,QSD on the Governance of the Advertising Standards Authority,Q,2015,false
10426,LIF 2015/0038,2015-10-27,2,Tunisia’s Nobel Peace Prize,T,2015,false
10427,LIF 2015/0039,2015-10-27,2,Interception of Communications: The Wilson Doctrine,I,2015,false
10428,LIF 2015/0040,2015-10-27,2,"Canadian Parliamentary Elections, 19 October 2015",C,2015,false
10435,LBP 2015/0084,2015-10-29,2,Debate on the Report of the European Union Committee on The Referendum on UK Membership of the EU: Assessing the Reform Process,D,2015,false
10437,LBP 2015/0085,2015-10-29,2,Debate on the Report of the Arctic Committee,D,2015,false
10438,LBP 2015/0086,2015-10-29,2,QSD on the Diagnosis and Management of Atrial Fibrillation,Q,2015,false
10439,LLN 2015/0040,2015-10-30,2,Regeneration of East London since the 2012 Olympic and Paralympic Games,R,2015,false
10442,LBP 2015/0087,2015-10-30,2,"Debate on the Report from the Science and Technology Committee, The Resilience of the Electricity System",D,2015,false
10443,LLN 2015/0041,2015-10-30,2,Impact of Pornography on Society,I,2015,false
10455,LBP 2015/0088,2015-11-04,2,Finance Bill (HL Bill 68),F,2015,false
10456,LIF 2015/0041,2015-11-04,2,Parliamentary Elections in Poland,P,2015,false
10457,LIF 2015/0042,2015-11-04,2,Children and Mental Health,C,2015,false
10461,LIF 2015/0043,2015-11-05,2,Tabling of Lords Parliamentary Questions,T,2015,false
10461,LIF 2015/0043,2015-11-05,2,Tabling of Lords Parliamentary Questions,T,2015,false
10463,LBP 2015/0089,2015-11-06,2,QSD on Bilateral Trade Between the United Kingdom and African Countries,Q,2015,false
10465,LBP 2015/0090,2015-11-06,2,National Insurance Contributions (Rate Ceilings) Bill 2015–16,N,2015,false
10468,LIF 2015/0044,2015-11-09,2,Murder (Abolition of Death Penalty) Act 1965: 50 Years,M,2015,false
10475,LLN 2015/0042,2015-11-10,2,Welfare Reform and Work Bill (HL Bill 69 of 2015–16),W,2015,false
10479,LIF 2015/0045,2015-11-11,2,State of Emergency in the Maldives,S,2015,false
10480,LIF 2015/0046,2015-11-11,2,"Parliamentary Elections in Turkey, November 2015",P,2015,false
10485,LBP 2015/0091,2015-11-12,2,"QSD on Stroke Services, Care and Support and the National Stroke Strategy",Q,2015,false
10490,LBP 2015/0092,2015-11-13,2,Debate on Foreign Ownership of National Assets and Corporate Governance,D,2015,false
10491,LBP 2015/0093,2015-11-13,2,QSD on the Steps Being Taken by Her Majesty’s Government to Improve the Effectiveness of their International Development Policies,Q,2015,false
10493,LBP 2015/0094,2015-11-13,2,TQSD on the Action being Taken at an International Level to Ensure the Exclusion of Drugs in Sport,T,2015,false
10496,LBP 2015/0095,2015-11-16,2,Debate on the Role of Trade Unions in a Democracy and their Contribution to the General Economic Wellbeing of the Nation,D,2015,false
10499,LIF 2015/0047,2015-11-17,2,Mesothelioma (Amendment) Bill [HL],M,2015,false
10500,LIF 2015/0048,2015-11-17,2,Planning (Subterrranean Development) Bill [HL],P,2015,false
10501,LIF 2015/0049,2015-11-17,2,Direct Planning (Pilot) Bill [HL],D,2015,false
10503,LLN 2015/0043,2015-11-18,2,Scotland Bill (HL Bill 73 of 2015-16),S,2015,false
10503,LLN 2015/0043,2015-11-18,2,Scotland Bill (HL Bill 73 of 2015-16),S,2015,false
10507,LBP 2015/0096,2015-11-18,2,"QSD on Police Leadership, Accountability and Ethics in the Light of the Report of the Committee on Standards in Public Life Tone From the Top",Q,2015,false
10512,LBP 2015/0097,2015-11-19,2,QSD on the Steps HMG are Taking to Tackle the Loss of World Biodiversity Caused by Human Activity,Q,2015,false
10513,LIF 2015/0050,2015-11-19,2,Building a Health-Creating Society,B,2015,false
10517,LIF 2015/0051,2015-11-20,2,Northern Ireland (Welfare Reform) Bill 2015–16,N,2015,false
10519,LBP 2015/0098,2015-11-20,2,Debate on Building a Health-creating Society in the UK Where All Sectors Contribute to Creating a Healthy and Resilient Population,D,2015,false
10520,LLN 2015/0044,2015-11-20,2,Trade Union Bill (HL Bill 74 of 2015–16),T,2015,false
10521,LBP 2015/0099,2015-11-20,2,"QSD on Fostering Links between Communities, as part of the Government’s Counter-terrorism Strategy, in the Light of the Attacks in Paris",Q,2015,false
10524,LLN 2015/0045,2015-11-23,2,Freedom of Speech in Higher Education Institutions,F,2015,false
10527,LIF 2015/0052,2015-11-24,2,"Elections in Burma (Myanmar), November 2015",E,2015,false
10528,LIF 2015/0053,2015-11-24,2,Devolution to City Regions in England,D,2015,false
10539,LBP 2015/0100,2015-11-26,2,Debate on the Report from the European Union Committee on The North Sea Under Pressure: Is Regional Marine Cooperation the Answer?,D,2015,false
10542,LBP 2015/0101,2015-11-27,2,QSD on Single-tier State Pension and Provision Made for Informing Women in their Fifties of their Pension Expectations,Q,2015,false
10545,LLN 2015/0046,2015-11-27,2,United Kingdom’s Role in Supporting International Security and Stability,U,2015,false
10545,LLN 2015/0046,2015-11-27,2,United Kingdom’s Role in Supporting International Security and Stability,U,2015,false
10546,LBP 2015/0102,2015-11-27,2,"QSD on the report of the All-Party Parliamentary Group on HIV and AIDS, Access Denied",Q,2016,false
10553,LIF 2015/0054,2015-11-30,2,UK Economy: Summary of Key Figures following the 2015 Autumn Statement,U,2015,false
10554,LBP 2015/0103,2015-11-30,2,Debate on the Economy in Light of the Autumn Statement,D,2015,false
10561,LIF 2015/0055,2015-12-02,2,Presidential Elections in Argentina,P,2015,false
10567,LBP 2015/0104,2015-12-03,2,QSD on Small Grassroots Music Venues,Q,2015,false
10569,LBP 2015/0105,2015-12-03,2,QSD on Bilateral and Multilateral Defence and Security Cooperation with the United Kingdom’s European Partners in NATO and the EU,Q,2015,false
10570,LBP 2015/0106,2015-12-03,2,QSD on Kinship Care as a Means of Support for Vulnerable Children,Q,2015,false
10572,LBP 2015/0107,2015-12-04,2,"QSD on the Role of the Energy Community and the Energy Charter, and on the UK’s Involvement in Both Organisations",Q,2015,false
10576,LBP 2015/0108,2015-12-04,2,QSD on Prüm Business and Implementation Case,Q,2015,false
10577,LLN 2015/0047,2015-12-04,2,Residential Care Sector,R,2015,false
10578,LBP 2015/0109,2015-12-07,2,QSD on How the Business Community Can Contribute to Resolving the Major Challenges Facing the UK,Q,2015,false
10580,LLN 2015/0048,2015-12-07,2,Future of Legal Aid,F,2015,false
10581,LBP 2015/0110,2015-12-07,2,QSD on the Impact on the Economic Development of the North of England of the Pausing of the Electrification of the TransPennine Rail Line,Q,2015,false
10584,LBP 2015/0111,2015-12-07,2,"QSD on Tackling the Rise in Religiously-Identified Conflicts and Violence, in the Light of the Recent Visit by Pope Francis to the Central African Republic",Q,2015,false
10586,LBP 2015/0112,2015-12-07,2,QSD on the Possible Threat to Financial Stability from the Risks Concentrated in Central Counterparties,Q,2015,false
10587,LIF 2015/0056,2015-12-07,2,The UK Government's Official History Programme,T,2023,false
10594,LIF 2015/0057,2015-12-09,2,"Commonwealth Heads of Government Meeting, 27-29 November 2015",C,2015,false
10603,LLN 2015/0049,2015-12-11,2,"National Lottery Contribution to Sport, Culture, Charities and National Heritage",N,2015,false
10606,LBP 2015/0113,2015-12-14,2,Outcome of the Commonwealth Heads of Government Meeting in Malta on 27-29 November,O,2015,false
10607,LBP 2015/0114,2015-12-14,2,QSD on What Progress was Made at the COP21 Climate Change Talks,Q,2015,false
10614,LBP 2015/0115,2015-12-16,2,Ensuring That Retail Banks Treat Their Vulnerable Customers Fairly,E,2015,false
10616,LLN 2015/0050,2015-12-16,2,Immigration Bill 2015-16: Briefing for Lords Stages,I,2015,false
10617,LIF 2015/0058,2015-12-16,2,Venezuela's Elections,V,2015,false
10625,LLN 2015/0051,2015-12-21,2,NHS: Ability to Meet Present and Future Demand,N,2015,false
10627,LBP 2015/0116,2015-12-21,2,The Ratification of the Hague Convention for the Protection of Cultural Property in the Event of Armed Conflict,T,2015,false
10628,LBP 2015/0117,2015-12-22,2,Impact of Neglected Tropical Diseases (NTDs) on Economic and Social Development,I,2016,false
10629,LIF 2015/0059,2015-12-22,2,Spanish Elections: Results and Next Steps,S,2015,false
10630,LIF 2015/0060,2015-12-22,2,Domestic Violence and Abuse in the UK,D,2015,false
10631,LIF 2015/0061,2015-12-22,2,Paris Climate Change Conference 2015,P,2015,false
10633,LIF 2015/0062,2015-12-23,2,Strathclyde Review: Secondary Legislation and the Primacy of the House of Commons,S,2015,false
10648,LLN 2016/0001,2016-01-05,2,Delegated Legislation in the House of Lords since 1997,D,2023,false
10660,LBP 2016/0001,2016-01-08,2,Debate on the Strathclyde Review Secondary legislation and the Primacy of the House of Commons,D,2016,false
10663,LLN 2016/0002,2016-01-08,2,Identity Cards in the UK,I,2016,false
10668,LBP 2016/0002,2016-01-11,2,"Debate on Women’s Contribution to Businesses, the Economy and the Future Economic Growth of the UK",D,2016,false
10674,LBP 2016/0003,2016-01-12,2,"Long-Term Flood Management, particularly in Rural Areas",L,2016,false
10688,LBP 2016/0004,2016-01-15,2,Factors Contributing to Cancer Survival Rates in the United Kingdom,F,2016,false
10689,LIF 2016/0001,2016-01-15,2,Alcohol Guidelines in the United Kingdom,A,2016,false
10691,LBP 2016/0005,2016-01-15,2,Education Standards in UK Prisons,E,2016,false
10695,LIF 2016/0002,2016-01-18,2,HM Government's Proposals for Prison Reform,H,2016,false
10696,LBP 2016/0006,2016-01-18,2,Debate on HM Government's Proposasl for Prison Reform,D,2016,false
10697,LIF 2016/0003,2016-01-18,2,The Military Service Act 1916: 100 Years,T,2016,false
10698,LIF 2016/0004,2016-01-18,2,Committee Procedures for Public Bills: Select Committees,C,2016,false
10699,LIF 2016/0005,2016-01-18,2,Race Relations Act 1965: 50 Years,R,2016,false
10700,LBP 2016/0007,2016-01-18,2,QSD on the Security and Human Rights Challenges on the Korean Peninsula Following North Korea’s Recent Nuclear Test,Q,2016,false
10702,LBP 2016/0008,2016-01-18,2,The Government’s Strategy to Defeat ISIL in Syria,T,2016,false
10713,LLN 2016/0003,2016-01-20,2,Work of the Ad Hoc Committees in 2013–14,W,2016,false
10719,LBP 2016/0009,2016-01-22,2,Debate on Adult Education and Lifelong Learning and the Need to Develop the Skills Needed to Strengthen the UK Economy,D,2016,false
10721,LLN 2016/0004,2016-01-22,2,Housing and Planning Bill 2015–16: Briefing for Lords Stages,H,2016,false
10723,LBP 2016/0010,2016-01-22,2,QSD on the Work of the House of Lords Press Office,Q,2016,false
10724,LBP 2016/0011,2016-01-25,2,Debate on Local Democracy in the United Kingdom,D,2016,false
10728,LLN 2016/0005,2016-01-25,2,Armed Forces Bill 2015–16: Briefing for Lords Stages,A,2016,false
10730,LBP 2016/0012,2016-01-25,2,Promoting English Language Classes for Women to Address Isolation and Extremism,P,2016,false
10733,LIF 2016/0006,2016-01-26,2,Road Traffic Act 1988 (Alcohol Limits) (Amendment) Bill [HL],R,2016,false
10734,LIF 2016/0007,2016-01-26,2,Age of Criminal Responsibility Bill [HL],A,2016,false
10735,LIF 2016/0008,2016-01-26,2,Public Advocate Bill [HL],P,2016,false
10738,LIF 2016/0009,2016-01-27,2,Chairman of Committees: Proposed Changes,C,2016,false
10739,LIF 2016/0010,2016-01-27,2,Recent Developments in Poland,R,2016,false
10740,LBP 2016/0013,2016-01-28,2,QSD on Preventing Homelessness,Q,2016,false
10745,LBP 2016/0014,2016-01-28,2,Action to Reduce Food Waste,A,2016,false
10748,LLN 2016/0006,2016-01-29,2,Size of the House of Lords,S,2016,false
10750,LBP 2016/0015,2016-01-29,2,QSD on the Impact on Young People Living in Rural Locations of the Area Review of Further Education Colleges,Q,2016,false
10751,LBP 2016/0016,2016-01-29,2,A Balanced and Rounded Education and the Requirements of the English Baccalaureate,A,2016,false
10752,LBP 2016/0017,2016-01-29,2,QSD on the Office for National Statistics’ Report on Deaths Related to Drug Poisoning in England and Wales in 2014,Q,2016,false
10754,LBP 2016/0018,2016-02-01,2,Report from the European Union Committee Capital Markets Union: A Welcome Start,R,2016,false
10758,LBP 2016/0019,2016-02-01,2,Debate on a Reasoned Opinion Relating to the European Parliament's Proposed Decision Concerning the Election of Members of the European Parliament,D,2016,false
10762,LIF 2016/0011,2016-02-02,2,"The Zika Virus: Update, February 2016",T,2016,false
10763,LIF 2016/0012,2016-02-03,2,Diabetes: UK Prevalence and Policy Developments,D,2016,false
10765,LBP 2016/0020,2016-02-03,2,Adjustable Eye-Wear,A,2016,false
10766,LLN 2016/0007,2016-02-03,2,Peerage Creations: Appointments to the House of Lords since 1997,P,,false
10767,LBP 2016/0021,2016-02-03,2,Debate on the Passage of the Transport for London Bill [HL] and the Case for Land Disposed of Under the Provisions of that Bill Being Used to Increase Social Housing,D,2016,false
10772,LBP 2016/0022,2016-02-04,2,"Funding the Foreign and Commonwealth Office, in the Light of its Foreign Policy Interests",F,2016,false
10776,LBP 2016/0023,2016-02-05,2,Promoting Cycling as a Safe Means of Transport,P,2016,false
10777,LBP 2016/0024,2016-02-05,2,"Debate on the the Report from the European Union Committee, A New EU Alcohol Strategy?",D,2016,false
10789,LIF 2016/0013,2016-02-10,2,Civilian Drones,C,2016,false
10791,LBP 2016/0025,2016-02-11,2,QSD on the Affordability of Homes under the Extension to the Right to Buy Scheme and the Starter Homes Proposals,Q,2016,false
10792,LBP 2016/0026,2016-02-12,2,QSD on the Steps Being Taken to Increase Understanding of the Middle East,Q,2016,false
10796,LLN 2016/0008,2016-02-12,2,History of the House of Lords: A Brief Introduction,H,,false
10798,LLN 2016/0009,2016-02-15,2,International Women’s Day 2016,I,2016,false
10809,LLN 2016/0010,2016-02-19,2,National Bills of Rights: International Examples,N,2016,false
10812,LIF 2016/0014,2016-02-22,2,NHS (Charitable Trusts Etc) Bill 2015–16: Briefing for Lords Stages,N,2016,false
10812,LIF 2016/0014,2016-02-22,2,NHS (Charitable Trusts Etc) Bill 2015–16: Briefing for Lords Stages,N,2016,false
10813,LIF 2016/0015,2016-02-22,2,Riot Compensation Bill 2015–16: Briefing for Lords Stages,R,2016,false
10813,LIF 2016/0015,2016-02-22,2,Riot Compensation Bill 2015–16: Briefing for Lords Stages,R,2016,false
10814,LBP 2016/0027,2016-02-22,2,QSD on Removing International Students from the Net Migration Figures by Including Them as Non-immigrant Admissions,Q,2016,false
10815,LBP 2016/0028,2016-02-22,2,Riot Compensation Bill 2015-16,R,2016,false
10816,LBP 2016/0029,2016-02-22,2,NHS (Charitable Trusts Etc) Bill,N,2016,false
10818,LIF 2016/0016,2016-02-23,2,Access to Medical Treatments (Innovation) Bill 2015–16: Briefing for Lords Stages,A,2016,false
10819,LIF 2016/0017,2016-02-23,2,Criminal Cases Review Commission (Information) Bill 2015–16: Briefing for Lords Stages,C,2016,false
10820,LBP 2016/0030,2016-02-23,2,Access to Medical Treatments (Innovation) Bill,A,2016,false
10821,LBP 2016/0031,2016-02-23,2,Criminal Cases Review Commission (Information) Bill,C,2016,false
10825,LBP 2016/0032,2016-02-25,2,Security of the EU’s Border and the Documentation of those Individuals EU Member States Accept as Refugees,S,2016,false
10831,LBP 2016/0033,2016-02-26,2,European Union Referendum (Date of Referendum etc) Regulations 2016 Debate on Her Majesty’s Government’s Policy Paper The Best of Both Worlds: the United Kingdom's Special Status in a Reformed European Union,E,2016,false
10832,LBP 2016/0034,2016-02-26,2,"QSD on the Steps Being Taken to Promote the Principles of the Circular Economy to Protect the Environment, Give New Growth Opportunities and Avoid Waste",Q,2016,false
10840,LBP 2016/0035,2016-03-03,2,Debate on the Progress Made in the UK in the Area of Women's Representation and Empowerment 150 Years After the 1866 Petition to the House of Commons for Women's Suffrage,D,2016,false
10841,LBP 2016/0036,2016-03-03,2,Debate on the report from the Trade Union Political Funds and Political Party Funding Committee,D,2016,false
10844,LBP 2016/0037,2016-03-04,2,QSD on the Prospects for a Political Solution to the Civil War in Syria,Q,2016,false
10846,LLN 2016/0011,2016-03-04,2,The Sovereign's Ceremonial and Formal Role in Parliament Today,T,2016,false
10849,LLN 2016/0012,2016-03-04,2,Ministerial Collective Responsibility and Agreement to Differ: Recent Developments,M,2016,false
10853,LIF 2016/0018,2016-03-07,2,Progress on BBC Charter Renewal,P,2016,false
10855,LLN 2016/0013,2016-03-07,2,Schengen Agreement: A Short History,S,2016,false
10857,LIF 2016/0019,2016-03-08,2,Gambling (Categorisation and Use of B2 Gaming Machines) Bill [HL]: Briefing for Lords Stages,G,2016,false
10858,LIF 2016/0020,2016-03-08,2,Driving Instructors (Registration) Bill: Briefing for Lords Stages,D,2016,false
10864,LIF 2016/0021,2016-03-09,2,Battle of the Somme: 100 Years Anniversary,B,2016,false
10865,LBP 2016/0038,2016-03-09,2,QSD on Marking the Centenary of the Battle of the Somme,Q,2016,false
10875,LBP 2016/0039,2016-03-11,2,"QSD on the House of Commons International Development Committee’s Report, The UK's Development Work in the Occupied Palestinian Territories",Q,2016,false
10876,LLN 2016/0014,2016-03-11,2,"Devolved Legislature Elections, 5 May 2016: Background",D,2016,false
10877,LBP 2016/0040,2016-03-11,2,QSD on Promoting Ongoing Maternal Care for Children,Q,2016,false
10878,LBP 2016/0041,2016-03-11,2,"QSD on the Redevelopment of the Royal National Orthopaedic Hospital, Stanmore",Q,2016,false
10881,LBP 2016/0042,2016-03-14,2,QSD on the Extent to Which Article 18 of the Universal Declaration of Human Rights is Being Upheld in India,Q,2016,false
10882,LBP 2016/0043,2016-03-14,2,QSD on How Quickly Economically Active Patients Are Able to Secure GP Appointments,Q,2016,false
10885,LLN 2016/0015,2016-03-15,2,European Union: Prime Ministers' Speeches and Party Manifestos since 1970,E,2016,false
10891,LBP 2016/0044,2016-03-17,2,QSD on the Progress Towards Implementing the Sendai Framework for Disaster Risk Reduction 2015–2030,Q,2016,false
10892,LBP 2016/0045,2016-03-17,2,QSD on Steps Taken to Improve the Speed and Quality of Autism Diagnoses in the United Kingdom,Q,2016,false
10897,LLN 2016/0016,2016-03-18,2,2016 Budget: Overview and Reactions,2,2016,false
10904,LLN 2016/0017,2016-03-23,2,House of Lords: Statistical Profile of Membership,H,2016,false
10905,LIF 2016/0022,2016-03-23,2,House of Commons Members’ Fund Bill 2015–16: Briefing for Lords Stages,H,2016,false
10906,LLN 2016/0018,2016-03-23,2,Northern Ireland (Stormont Agreement and Implementation Plan) Bill: Briefing for Lords Stages,N,2016,false
10907,LIF 2016/0023,2016-03-23,2,"World Autism Awareness Day, 2 April 2016",W,2016,false
10911,LLN 2016/0019,2016-03-29,2,House of Lords: Public Offices and Positions Held by Members,H,2016,false
10917,LIF 2016/0024,2016-04-06,2,High Speed Rail (London–West Midlands) Bill: Briefing for Lords Stages,H,2016,false
10918,LBP 2016/0046,2016-04-06,2,High Speed Rail (London–West Midlands) Bill: Briefing for Lords Stages,H,2016,false
10923,LBP 2016/0047,2016-04-08,2,QSD on the Government’s Assessment of Deloitte’s Report Technology and People: The Great Job-Creating Machine,Q,2016,false
10939,LBP 2016/0048,2016-04-14,2,QSD on the Progress Made Towards the Introduction of the Horserace Betting Right,Q,2016,false
10948,LBP 2016/0049,2016-04-18,2,Debate on the House of Lords Communications Committee Report BBC Charter Review: Reith Not Revolution,D,2016,false
10956,LIF 2016/0025,2016-04-21,2,"World Intellectual Property Day, 26 April 2016",W,2016,false
10957,LBP 2016/0050,2016-04-21,2,Debate on the Steps Being Taken to Build a Stronger Economy,D,2016,false
10962,LLN 2016/0020,2016-04-22,2,Rural Economy: Key Statistics and Recent Developments,R,2016,false
10966,LIF 2016/0026,2016-04-25,2,Lord Speaker: Election 2016,L,2016,false
10979,LLN 2016/0021,2016-04-29,2,Black and Minority Ethnic People in the Workplace in Britain,B,,false
10980,LBP 2016/0051,2016-04-29,2,QSD on the Case for a New Generation of Polytechnics to Address the Technical Skills Gap,Q,2016,false
10986,LIF 2016/0027,2016-05-03,2,Queen's Speech: Lords Movers and Seconders,Q,2016,false
10986,LIF 2016/0027,2016-05-03,2,Queen's Speech: Lords Movers and Seconders,Q,2016,false
10989,LBP 2016/0052,2016-05-04,2,Debate on the Report of the Leader’s Group on Governance,D,2016,false
10994,LBP 2016/0053,2016-05-05,2,QSD on Diversity in the British Media,Q,2016,false
10996,LIF 2016/0028,2016-05-05,2,Bombing of the Houses of Parliament: 75th Anniversary,B,2016,false
11009,LLN 2016/0022,2016-05-11,2,"Queen's Speech 2016 Day 1: Business, Culture, Education, Health and Welfare",Q,2016,false
11010,LLN 2016/0023,2016-05-11,2,"Queen's Speech 2016 Day 2: Foreign and European Affairs, International Development and Defence",Q,2016,false
11011,LLN 2016/0024,2016-05-11,2,"Queen's Speech 2016 Day 3: Home, Legal, Constitutional and Devolved Affairs",Q,2016,false
11012,LLN 2016/0025,2016-05-11,2,"Queen's Speech 2016 Day 4: Economic Affairs, Energy, Environment, Local Government and Transport",Q,2016,false
11023,LLN 2016/0026,2016-05-18,2,Opposition Parties: Financial Assistance,O,2016,false
11029,LBP 2016/0054,2016-05-20,2,Debate on the Recommendations of the Five Year Forward View for Mental Health and the Case for Ensuring Equal Access to Mental and Physical Healthcare,D,2016,false
11030,LBP 2016/0055,2016-05-23,2,"Debate on the Case for Improved Individual School Capacity to Deal with Commonly Occurring Special Educational Needs and Disabilities, in the Light of the Increasing Number of Academies and Free Schools",D,2016,false
11032,LBP 2016/0056,2016-05-23,2,QSD on Plans to Ensure that Every Eligible Young Voter is Registered to Vote Ahead of the Deadline for the EU Referendum on 7 June,Q,2016,false
11033,LLN 2016/0027,2016-05-23,2,Royal Charters and Parliamentary Scrutiny,R,2016,false
11038,LLN 2016/0028,2016-05-24,2,Private Member’s Bills in the House of Lords,P,2025,false
11039,LIF 2016/0029,2016-05-26,2,Battle of Jutland: 100 Years Anniversary,B,2016,false
11044,LLN 2016/0029,2016-05-27,2,Cultural Property (Armed Conflicts) Bill [HL]: Briefing for Lords Stages,C,2016,false
11046,LBP 2016/0057,2016-05-27,2,Science and Technology Committee: Genetically Modified Insects,S,2016,false
11047,LBP 2016/0058,2016-05-27,2,European Union Committee: Europe in the World: Towards a More Effective EU Foreign and Security Strategy,E,2016,false
11053,LLN 2016/0030,2016-06-01,2,Bus Services Bill [HL]: Briefing for Lords Stages,B,2016,false
11058,LBP 2016/0059,2016-06-02,2,Tackling Obesity: Recent Dietary Advice,T,2016,false
11060,LBP 2016/0060,2016-06-02,2,Female Genital Mutilation and the Lack of Successful Prosecutions,F,2016,false
11061,LBP 2016/0061,2016-06-02,2,The UK’s Economic and Financial Prospects,T,2016,false
11062,LBP 2016/0062,2016-06-03,2,Balance of Power between Government and Parliament,B,2016,false
11067,LIF 2016/0030,2016-06-06,2,Asset Freezing (Compensation) Bill [HL] (HL Bill 5 of 2016–17): Briefing for Lords Stages,A,2021,false
11067,LIF 2016/0030,2016-06-06,2,Asset Freezing (Compensation) Bill [HL] (HL Bill 5 of 2016–17): Briefing for Lords Stages,A,2021,false
11069,LIF 2016/0031,2016-06-06,2,Register of Arms Brokers Bill [HL]: Briefing for Lords Stages,R,2016,false
11070,LIF 2016/0032,2016-06-06,2,Renters' Rights Bill [HL]: Briefing for Lords Stages,R,2016,false
11075,LBP 2016/0063,2016-06-08,2,European Union Committee: EU Energy Governance,E,2016,false
11077,LBP 2016/0064,2016-06-08,2,Digital Skills Committee: The UK’s Digital Future,D,2016,false
11078,LIF 2016/0033,2016-06-09,2,Intellectual Property (Unjustified Threats) Bill [HL]: Briefing for Lords Stages,I,2016,false
11081,LLN 2016/0031,2016-06-09,2,Children and Social Work Bill [HL]: Briefing for Lords Stages,C,2016,false
11082,LBP 2016/0065,2016-06-09,2,EU Committee and Science and Technology Committee Reports on the UK’s EU Membership,E,2016,false
11084,LBP 2016/0066,2016-06-09,2,European Union Committee: EU’s Action Plan Against Migrant Smuggling and Operation Sophia,E,2016,false
11098,LLN 2016/0032,2016-06-21,2,Investigatory Powers Bill: Briefing for Lords Stages,I,2016,false
11099,LBP 2016/0067,2016-06-21,2,Renewable Energy Infrastructure,R,2016,false
11106,LBP 2016/0068,2016-06-23,2,Zero-Hours Contracts,Z,2016,false
11109,LBP 2016/0069,2016-06-24,2,Openness and Transparency in Reinforcing Confidence in Public Institutions,O,2016,false
11111,LBP 2016/0070,2016-06-24,2,Leaving the European Union,L,2016,false
11117,LLN 2016/0033,2016-06-27,2,Historical Child Sex Abuse Investigations,H,2016,false
11121,LIF 2016/0034,2016-06-28,2,Iraq Inquiry (Chilcot): Timeline of Principal Developments,I,2016,false
11127,LBP 2016/0071,2016-06-29,2,Outcome of the EU Referendum,O,2016,false
11129,LLN 2016/0034,2016-06-30,2,Leaving the EU: Parliament's Role in the Process,L,2016,false
11130,LBP 2016/0072,2016-06-30,2,Tobacco and Related Products Regulations 2016:Regret Motions,T,2016,false
11136,LBP 2016/0073,2016-07-01,2,Global Opportunities for Trade,G,2016,false
11137,LBP 2016/0074,2016-07-01,2,Caste-Based Discrimination in the UK,C,2016,false
11138,LBP 2016/0075,2016-07-04,2,UK’s Membership of the EU: Case for a Second Referendum,U,2016,false
11139,LBP 2016/0076,2016-07-04,2,"Britain’s Rural Economy: Agriculture, Horticulture and the Role of Agricultural Science",B,2016,false
11140,LBP 2016/0077,2016-07-04,2,Large Movements of Refugees and Migrants,L,2016,false
11145,LIF 2016/0035,2016-07-04,2,Modern Slavery (Transparency in Supply Chains) Bill [HL]: Briefing for Lords Stages,M,2016,false
11146,LIF 2016/0036,2016-07-04,2,Armed Forces Deployment (Royal Prerogative) Bill [HL]: Briefing for Lords Stages,A,2016,false
11147,LIF 2016/0037,2016-07-04,2,Bread and Flour Regulations (Folic Acid) Bill [HL]: Briefing for Lords Stages,B,2016,false
11153,LLN 2016/0035,2016-07-05,2,Policing and Crime Bill: Briefing for Lords Stages,P,2016,false
11154,LBP 2016/0078,2016-07-06,2,Iraq Inquiry Report: Motion to Take Note,I,2016,false
11159,LBP 2016/0079,2016-07-07,2,Iraq Inquiry Report: Comment and Reaction,I,2016,false
11162,LLN 2016/0036,2016-07-07,2,Causes of Poverty in the United Kingdom,C,2016,false
11167,LLN 2016/0037,2016-07-11,2,Resourcing and Staffing of the Courts,R,2016,false
11169,LBP 2016/0080,2016-07-11,2,EU Citizens: Right to Remain in the UK,E,2016,false
11171,LBP 2016/0081,2016-07-11,2,The Future of the United Kingdom's Nuclear Deterrent,T,2016,false
11172,LIF 2016/0038,2016-07-12,2,Resignation Honours: Peerage Creations since 1958,R,,false
11177,LLN 2016/0038,2016-07-14,2,Regional Representation in the House of Lords,R,2016,false
11178,LBP 2016/0082,2016-07-14,2,British Farmers: Impact of Leaving the European Union,B,2016,false
11182,LLN 2016/0039,2016-07-15,2,NHS and Social Care Workforce: Implications of Leaving the European Union,N,2016,false
11183,LIF 2016/0039,2016-07-15,2,Leader of the House of Lords: Holders of the post,L,2024,false
11183,LIF 2016/0039,2016-07-15,2,Leader of the House of Lords: Holders of the post,L,2024,false
11184,LBP 2016/0083,2016-07-15,2,Civil Proceedings and Tribunal Fees: Regret Motion,C,2016,false
11187,LLN 2016/0040,2016-07-15,2,"Living Conditions, Health and Wellbeing of Palestinian Children",L,2016,false
11199,LBP 2016/0084,2016-07-26,2,Support for Parents in Navigating Schools’ Admissions,S,2016,false
11207,LLN 2016/0041,2016-08-01,2,Lobbying and Political Campaigning: Charities and Trade Unions,L,2016,false
11213,LLN 2016/0042,2016-08-03,2,Health and Social Care Act 2012: Performance and Sustainability of the NHS,H,2016,false
11217,LIF 2016/0040,2016-08-05,2,Life Peerages Created Since 1958,L,,false
11218,LLN 2016/0043,2016-08-05,2,UK-Commonwealth Trade,U,2016,false
11219,LIF 2016/0041,2016-08-05,2,Proposal for Government Departments to Cease Devising New Legislation for a Period of Time and Concentrate on Sound Administration,P,2016,false
11220,LBP 2016/0085,2016-08-08,2,Report from the Committee on the Equality Act 2010 and Disability,R,2016,false
11224,LIF 2016/0042,2016-08-09,2,HIV Infection in the United Kingdom,H,2016,false
11225,LIF 2016/0043,2016-08-09,2,House of Lords Act 1999 (Amendment) Bill [HL]: Briefing for Lords Stages,H,2016,false
11236,LBP 2016/0086,2016-08-16,2,European Union Committee: ‘Whatever it Takes’: the Five Presidents’ Report on Completing Economic and Monetary Union,E,2016,false
11238,LBP 2016/0087,2016-08-16,2,Steps Being Taken to Promote Article 18 of the Universal Declaration of Human Rights,S,2016,false
11242,LBP 2016/0088,2016-08-19,2,‘Changing Banking for Good’ Report: Progress of Implementation,C,2016,false
11246,LIF 2016/0044,2016-08-23,2,Teachers at Academies and Free Schools: Qualifications,T,2016,false
11247,LIF 2016/0045,2016-08-23,2,Smoking Related Diseases: Government Action,S,2016,false
11248,LIF 2016/0046,2016-08-23,2,Homelessness,H,2016,false
11249,LIF 2016/0047,2016-08-23,2,Hereditary By-elections: Results,H,2016,false
11250,LIF 2016/0048,2016-08-23,2,"Powers under the Anti-social Behaviour, Crime and Policing Act 2014",P,2016,false
11254,LIF 2016/0049,2016-08-31,2,Budget Responsibility and National Audit (Fiscal Mandate) Bill [HL]: Briefing for Lords Stages,B,2016,false
11260,LIF 2016/0050,2016-09-05,2,Lobbying (Transparency) Bill [HL]: Briefing for Lords Stages,L,2016,false
11266,LLN 2016/0044,2016-09-07,2,Tackling Drug-Resistant Infections Globally,T,2016,false
11269,LBP 2016/0089,2016-09-08,2,Finance Bill: Briefing for Lords Stages,F,2016,false
11273,LLN 2016/0045,2016-09-09,2,Fragile States: Effects of Conflict,F,2016,false
11279,LBP 2016/0090,2016-09-12,2,Calais Refugee Camp Closure: Impact on Children,C,2016,false
11282,LLN 2016/0046,2016-09-13,2,Canadian Senate Reform: Recent Developments,C,2016,false
11287,LIF 2016/0051,2016-09-15,2,Peerages Awarded to Former Prime Ministers 1902-2016,P,2016,false
11287,LIF 2016/0051,2016-09-15,2,Peerages Awarded to Former Prime Ministers 1902-2016,P,2016,false
11299,LBP 2016/0091,2016-09-26,2,Sexual Violence in Conflict Committee: Sexual Violence in Conflict: A War Crime,S,2016,false
11309,LLN 2016/0047,2016-09-29,2,Local Libraries and Independent Bookshops in the UK,L,2016,false
11314,LBP 2016/0092,2016-10-03,2,Quality and Affordability of Housing in the UK,Q,2016,false
11316,LLN 2016/0048,2016-10-04,2,Wales Bill: Briefing for Lords Stages,W,2016,false
11318,LBP 2016/0093,2016-10-04,2,Action Planned to Ensure the Revival of the Middle East Peace Process,A,2016,false
11326,LBP 2016/0094,2016-10-07,2,BBC Charter,B,2016,false
11327,LLN 2016/0049,2016-10-07,2,Extension of Grammar Schools and Selection in Education,E,2016,false
11329,LIF 2016/0052,2016-10-11,2,Premature Deaths Among People with a Learning Disability,P,2016,false
11331,LIF 2016/0053,2016-10-12,2,Potential Effect on Peace and Security of the United Kingdom Leaving the European Union,P,2016,false
11340,LLN 2016/0050,2016-10-13,2,Leaving the European Union: Environment and Climate Change,L,2016,false
11341,LLN 2016/0051,2016-10-13,2,Leaving the European Union: Foreign and Security Policy Cooperation,L,2016,false
11344,LBP 2016/0095,2016-10-13,2,Progress of the Fit for Work Scheme,P,2016,false
11349,LIF 2016/0054,2016-10-17,2,Abortion (Disability Equality) Bill [HL]: Briefing for Lords Stages,A,2016,false
11352,LIF 2016/0055,2016-10-18,2,House of Lords Bill [HL]: Briefing for Lords Stages,H,2016,false
11353,LIF 2016/0056,2016-10-18,2,Marriage and Civil Partnership (Minimum Age) Bill [HL]: Briefing for Lords Stages,M,2016,false
11362,LLN 2016/0052,2016-10-20,2,National Citizen Service Bill [HL]: Briefing for Lords Stages,N,2016,false
11363,LBP 2016/0096,2016-10-20,2,Steps Proposed by the Government to Combat Antisemitism,S,2016,false
11365,LBP 2016/0097,2016-10-20,2,Unsafe Discharge from Hospital,U,2016,false
11367,LBP 2016/0098,2016-10-20,2,Action Being Taken to Support Those with Mesothelioma,A,2016,false
11368,LLN 2016/0053,2016-10-20,2,Leaving the European Union: Global Free Trade,L,2016,false
11369,LBP 2016/0099,2016-10-20,2,Offender Training in Entrepreneurship,O,2016,false
11373,LLN 2016/0054,2016-10-21,2,Government Plans to Promote Social Mobility,G,2016,false
11374,LBP 2016/0100,2016-10-21,2,Foreign Language Speakers: Armed Forces and Defence Services,F,2016,false
11377,LBP 2016/0101,2016-10-24,2,Rollout of Superfast Fibre Broadband,R,2016,false
11378,LBP 2016/0102,2016-10-24,2,Cyprus Negotiations,C,2016,false
11379,LBP 2016/0103,2016-10-24,2,Statistical Information on the Detention of Pregnant Women under the Immigration Act 2014,S,2016,false
11379,LBP 2016/0103,2016-10-24,2,Statistical Information on the Detention of Pregnant Women under the Immigration Act 2014,S,2016,false
11386,LIF 2016/0057,2016-10-26,2,Pension Schemes Bill [HL]: Briefing for Lords Stages,P,2016,false
11390,LBP 2016/0104,2016-10-27,2,Unaccompanied Migrant Children in the EU,U,2016,false
11392,LLN 2016/0055,2016-10-27,2,Leaving the European Union: Funding for Universities and Scientific Research,L,2016,false
11393,LLN 2016/0056,2016-10-27,2,Impact of the Shortage of Housing on Young People,I,2016,false
11395,LBP 2016/0105,2016-10-27,2,"Conflict, Stability and Security Fund: Supported Projects",C,2016,false
11396,LIF 2016/0058,2016-10-28,2,Party Funding: Summary of Developments in 2016,P,2016,false
11398,LBP 2016/0106,2016-10-28,2,Reform to Party Funding,R,2016,false
11401,LBP 2016/0107,2016-10-31,2,Creative Subjects at A Level,C,2016,false
11406,LBP 2016/0108,2016-11-01,2,European Union Committee: Completing Economic and Monetary Union,E,2016,false
11415,LBP 2016/0109,2016-11-03,2,European Union Committee: Online Platforms and the Digital Single Market,E,2016,false
11417,LLN 2016/0057,2016-11-03,2,Select Committees in the House of Lords: Updated November 2016,S,2016,false
11418,LBP 2016/0110,2016-11-04,2,High Court Judgment on Article 50,H,2016,false
11421,LBP 2016/0111,2016-11-07,2,EU-African Economic Trade Partnerships,E,2016,false
11426,LIF 2016/0059,2016-11-09,2,High Court Judgment on Article 50: Responses,H,2016,false
11429,LBP 2016/0112,2016-11-09,2,Value and Vibrancy of Museums,V,2016,false
11431,LIF 2016/0060,2016-11-09,2,World Diabetes Day: Background on Diabetes,W,2016,false
11434,LLN 2016/0058,2016-11-10,2,Strength of the Pound Sterling: Economy and Investment,S,2016,false
11437,LBP 2016/0113,2016-11-10,2,Immigration Policy and Overseas Students in the UK,I,2016,false
11442,LBP 2016/0114,2016-11-14,2,Causes of Child Poverty Across the United Kingdom,C,2016,false
11460,LIF 2016/0061,2016-11-15,2,International Development (Official Development Assistance Target) (Amendment) Bill [HL]: Briefing for Lords Stages,I,2016,false
11466,LLN 2016/0059,2016-11-16,2,Armed Forces: Legal Challenges and Derogation from the European Convention on Human Rights,A,2016,false
11468,LIF 2016/0062,2016-11-16,2,Politically Exposed Persons: Current Regime and Reforms,P,,false
11472,LBP 2016/0115,2016-11-16,2,EU Committee: Price Volatility in the Agricultural Sector,E,2016,false
11478,LLN 2016/0060,2016-11-17,2,Leaving the European Union: The UK and Ireland,L,,false
11480,LBP 2016/0116,2016-11-18,2,Evidence-based Drug Policy,E,2016,false
11481,LLN 2016/0061,2016-11-18,2,Leaving the European Union: NHS and Social Care Workforce,L,2016,false
11486,LBP 2016/0117,2016-11-21,2,Constitution Committee: The Invoking of Article 50 European Union Committee: Brexit: Parliamentary Scrutiny,C,2016,false
11487,LBP 2016/0118,2016-11-21,2,Bus Services and Rural Communities,B,2016,false
11496,LBP 2016/0119,2016-11-22,2,Parity of Esteem Between Mental and Physical Health,P,2016,false
11501,LIF 2016/0063,2016-11-23,2,"International Day for the Elimination of Violence Against Women, 25 November 2016",I,2016,false
11512,LLN 2016/0062,2016-11-24,2,Small Charitable Donations and Childcare Payments Bill: Briefing for Lords Stages,S,2016,false
11514,LBP 2016/0120,2016-11-24,2,UK Political Strategy towards Tunisia,U,2016,false
11517,LBP 2016/0121,2016-11-24,2,Debate on the Economy and Autumn Statement,D,2016,false
11519,LBP 2016/0122,2016-11-24,2,Social Care,S,2016,false
11521,LBP 2016/0123,2016-11-24,2,Values Underpinning National Life and their Role in Shaping Public Policy Priorities,V,2016,false
11524,LLN 2016/0063,2016-11-25,2,Leaving the European Union: Future UK-EU Relationship,L,2016,false
11525,LBP 2016/0124,2016-11-25,2,EU Connected Continent Requirements and Keeping Children Safe From Adult Content,E,2016,false
11529,LBP 2016/0125,2016-11-28,2,Article 127 of the European Economic Area Agreement,A,2016,false
11530,LIF 2016/0064,2016-11-28,2,Statistics on the Size and Composition of the House of Lords,S,,false
11533,LIF 2016/0065,2016-11-29,2,"International Day for the Abolition of Slavery, 2 December 2016",I,2016,false
11538,LIF 2016/0066,2016-11-30,2,"World AIDS Day, 1 December 2016",W,2020,false
11540,LBP 2016/0126,2016-11-30,2,Iran: Human Rights Campaigners and Sanctions Negotiations,I,2016,false
11545,LLN 2016/0064,2016-12-01,2,Corporate Sector: Rights and Responsibilities,C,2016,false
11546,LLN 2016/0065,2016-12-01,2,Higher Education and Research Bill: Briefing for Lords Stages,H,2016,false
11550,LBP 2016/0127,2016-12-02,2,Plans to Update the Law on Surrogacy,P,2016,false
11551,LLN 2016/0066,2016-12-02,2,Leaving the European Union: UK Armed Forces and Diplomatic Service,L,2016,false
11554,LIF 2016/0067,2016-12-06,2,Property Boundaries (Resolution of Disputes) Bill [HL]: Briefing for Lords Stages,P,2016,false
11565,LLN 2016/0067,2016-12-07,2,Digital Economy Bill: Briefing for Lords Stages,D,2016,false
11566,LLN 2016/0068,2016-12-07,2,Service User Representation in Health and Social Care,S,2016,false
11571,LBP 2016/0128,2016-12-08,2,Motorists Using Mobile Devices Whilst Driving: Measures to Reduce Accidents,M,2016,false
11576,LBP 2016/0129,2016-12-09,2,Allegations Of Child Sexual Abuse Within Football Clubs,A,2016,false
11583,LBP 2016/0130,2016-12-12,2,Social Mobility Committee Report,S,2016,false
11587,LBP 2016/0131,2016-12-13,2,Communications Committee Report: Press Regulation: Where are We Now?,C,2016,false
11590,LBP 2016/0132,2016-12-13,2,Universal Credit: Rollout and Impact,U,2016,false
11597,LLN 2016/0069,2016-12-15,2,Health Service Medical Supplies (Costs) Bill: Briefing for Lords Stages,H,2016,false
11600,LLN 2016/0070,2016-12-16,2,Leaving the European Union: Machinery of Government Changes,L,2016,false
11603,LLN 2016/0071,2016-12-20,2,Future Capability of the UK’s Armed Forces,F,2016,false
11605,LBP 2016/0133,2016-12-20,2,Armed Forces Covenant,A,2016,false
11606,LLN 2016/0072,2016-12-21,2,Savings (Government Contributions) Bill: Briefing for Lords Stages,S,2016,false
11608,LBP 2016/0134,2016-12-21,2,Equine Welfare Standards,E,2016,false
11610,LBP 2016/0135,2016-12-21,2,Institute for Public Policy Research’s Report State of the North 2016,I,2016,false
11623,LLN 2017/0001,2017-01-05,2,Neighbourhood Planning Bill: Briefing for Lords Stages,N,2017,false
11633,LBP 2017/0001,2017-01-09,2,Treatment of the Rohingya in Burma,T,2017,false
11636,LBP 2017/0002,2017-01-10,2,Leaving the European Union: Fisheries,L,2017,false
11639,LBP 2017/0003,2017-01-10,2,Litigants in Person: Administration Charges and Other Costs,L,2017,false
11646,LIF 2017/0001,2017-01-11,2,Publishing Statistics on the Time Spent on Parliamentary Proceedings on Each Part of an Act,P,2017,false
11652,LLN 2017/0002,2017-01-12,2,Populism and Nationalism: Implications for the International Order,P,2017,false
11658,LLN 2017/0003,2017-01-13,2,Leaving the European Union: Impact on the Creative Industries,L,2017,false
11665,LBP 2017/0004,2017-01-16,2,National Policy for the Built Environment Committee Report: Building Better Places,N,2017,false
11668,LBP 2017/0005,2017-01-17,2,Iran: Current Human Rights Situation,I,2017,false
11669,LIF 2017/0002,2017-01-17,2,European Union in 2017: Background Information,E,2017,false
11672,LBP 2017/0006,2017-01-18,2,Leaving the European Union: Prime Minister’s Speech on the Government’s Negotiating Objectives,L,2017,false
11674,LBP 2017/0007,2017-01-18,2,"The UK’s International Relations in the Light of Brexit, and the UK and the UN",T,2017,false
11675,LLN 2017/0004,2017-01-18,2,Commonwealth Development Corporation Bill: Briefing for Lords Stages,C,2017,false
11675,LLN 2017/0004,2017-01-18,2,Commonwealth Development Corporation Bill: Briefing for Lords Stages,C,2017,false
11681,LLN 2017/0005,2017-01-19,2,Technical and Further Education Bill: Briefing for Lords Stages,T,2017,false
11683,LIF 2017/0003,2017-01-19,2,Arbitration and Mediation Services (Equality) Bill [HL]: Briefing for Lords Stages,A,2017,false
11692,LLN 2017/0006,2017-01-20,2,"Leaving the European Union: The Single Market, the Rights of EU Citizens in the UK and the UK’s Future Economic Requirements",L,2017,false
11695,LBP 2017/0008,2017-01-23,2,Employment Skills of Women and Girls in the Developing World,E,2017,false
11698,LIF 2017/0004,2017-01-24,2,Divorce (Financial Provision) Bill [HL]: Briefing for Lords Stages,D,2017,false
11699,LIF 2017/0005,2017-01-24,2,Rehabilitation of Offenders (Amendment) Bill [HL]: Briefing for Lords Stages,R,2017,false
11701,LBP 2017/0009,2017-01-24,2,Supreme Court Judgment on Article 50,S,2017,false
11710,LBP 2017/0010,2017-01-25,2,Improving Neurological Services in England,I,2017,false
11711,LIF 2017/0006,2017-01-25,2,"Lords Public Bill Stages: ""That This Bill Do Now Pass""",L,,false
11717,LBP 2017/0011,2017-01-27,2,Potential Impact of Leaving the European Union on Disabled People,P,2017,false
11718,LLN 2017/0007,2017-01-27,2,Leaving the European Union: Customs Unions - An Introduction,L,2017,false
11720,LIF 2017/0007,2017-01-27,2,European Union (Notification of Withdrawal) Bill,E,2017,false
11720,LIF 2017/0007,2017-01-27,2,European Union (Notification of Withdrawal) Bill,E,2017,false
11721,LBP 2017/0012,2017-01-27,2,The Commitment of NATO Members to Spend 2 Percent of GDP on Defence,T,2017,false
11721,LBP 2017/0012,2017-01-27,2,The Commitment of NATO Members to Spend 2 Percent of GDP on Defence,T,2017,false
11725,LIF 2017/0008,2017-01-30,2,Regulation of Health and Social Care Professions Etc Bill [HL]: Briefing for Lords Stages,R,2017,false
11726,LBP 2017/0013,2017-01-30,2,Transport and Brexit,T,2017,false
11727,LIF 2017/0009,2017-01-30,2,Child Contact Centres (Accreditation) Bill [HL]: Briefing for Lords Stages,C,2017,false
11730,LIF 2017/0010,2017-01-31,2,House of Lords Reform Bill [HL]: Briefing for Lords Stages,H,2017,false
11731,LIF 2017/0011,2017-01-31,2,"World Cancer Day, 4 February 2017",W,2017,false
11734,LIF 2017/0012,2017-01-31,2,"International Day of Zero Tolerance for Female Genital Mutilation, 6 February 2017",I,2017,false
11740,LBP 2017/0014,2017-02-01,2,European Union Committee: Brexit: Future UK-EU Security and Police Cooperation,E,2017,false
11744,LBP 2017/0015,2017-02-02,2,European Union Committee Report: Brexit: Financial Services,E,2017,false
11747,LBP 2017/0016,2017-02-03,2,Competition and Markets Authority: Promoting Competition for the Benefit of Consumers,C,2017,false
11749,LIF 2017/0013,2017-02-03,2,European Union (Notification of Withdrawal) Bill: Summary of Commons Second Reading Debate,E,2017,false
11750,LBP 2017/0017,2017-02-03,2,Role of Parents in Supporting Young People with Mental Health Problems,R,2017,false
11751,LBP 2017/0018,2017-02-03,2,Protection and Promotion of Statues and Memorials,P,2017,false
11752,LBP 2017/0019,2017-02-06,2,Sudan: Current Situation,S,2017,false
11754,LLN 2017/0008,2017-02-06,2,House of Lords: Statistical Profile of Membership—January 2017,H,2020,false
11755,LBP 2017/0020,2017-02-06,2,Recent Developments in Syria,R,2017,false
11756,LBP 2017/0021,2017-02-06,2,Maintained and Independent Schools: Partnership Work,M,2017,false
11759,LIF 2017/0014,2017-02-07,2,House of Lords: Largest Votes Recorded,H,,false
11759,LIF 2017/0014,2017-02-07,2,"House of Lords: Largest Votes Recorded, March Update",H,,false
11763,LIF 2017/0015,2017-02-08,2,Politically Exposed Persons: Current Regime and Reforms,P,2017,false
11775,LIF 2017/0016,2017-02-13,2,Homelessness Reduction Bill: Briefing for Lords Stages,H,2017,false
11778,LLN 2017/0009,2017-02-15,2,European Union (Notification of Withdrawal) Bill: Briefing for Lords Stages,E,2017,false
11780,LBP 2017/0022,2017-02-16,2,Global Standards of Nutrition for Women and Girls,G,2017,false
11783,LIF 2017/0017,2017-02-20,2,Parking Places (Variation of Charges) Bill: Briefing for Lords Stages,P,2017,false
11785,LIF 2017/0018,2017-02-21,2,Broadcasting (Radio Multiplex Services) Bill: Briefing for Lords Stages,B,2017,false
11796,LBP 2017/0023,2017-02-23,2,End of Life Care: Clinical Commissioners and the Review of Choice in End of Life Care,E,2017,false
11799,LLN 2017/0010,2017-02-23,2,Leaving the European Union: Euratom,L,2017,false
11804,LBP 2017/0024,2017-02-24,2,European Union Committee Report: Brexit: The Options for Trade,E,2017,false
11805,LBP 2017/0025,2017-02-24,2,Economic Affairs Committee Report: Building More Homes,E,2017,false
11809,LBP 2017/0026,2017-02-28,2,Shale Gas Development in the UK,S,2017,false
11820,LIF 2017/0019,2017-03-01,2,Assisted Dying Legislation: North America and England and Wales,A,2017,false
11821,LBP 2017/0027,2017-03-02,2,UK Exports Strategy,U,2017,false
11823,LIF 2017/0020,2017-03-02,2,International Women's Day 2017,I,2017,false
11827,LLN 2017/0011,2017-03-03,2,Criminal Finances Bill: Briefing for Lords Stages,C,2017,false
11835,LIF 2017/0021,2017-03-07,2,Political Parties (Funding and Expenditure) Bill [HL]: Briefing for Lords Stages,P,2017,false
11836,LIF 2017/0022,2017-03-07,2,Preventing and Combating Violence Against Women and Domestic Violence (Ratification of Convention) Bill: Briefing for Lords Stages,P,2017,false
11837,LBP 2017/0028,2017-03-07,2,Neglected Tropical Diseases,N,2020,false
11844,LIF 2017/0023,2017-03-08,2,House of Lords: Largest Votes Recorded,H,,false
11849,LBP 2017/0029,2017-03-09,2,Economy in the Light of the Budget Statement,E,2017,false
11854,LLN 2017/0012,2017-03-10,2,Leaving the European Union: The UK and Ireland,L,2017,false
11855,LBP 2017/0030,2017-03-10,2,The UK’s Relationship with the Commonwealth,T,2017,false
11857,LLN 2017/0013,2017-03-13,2,Work of the Ad Hoc Committees in 2014–15: House of Lords Affordable Childcare Committee,W,2017,false
11858,LLN 2017/0014,2017-03-13,2,Work of the Ad Hoc Committees in 2014–15: House of Lords Digital Skills Committee,W,2017,false
11859,LLN 2017/0015,2017-03-13,2,Work of the Ad Hoc Committees in 2014–15: House of Lords Extradition Law Committee,W,2017,false
11871,LLN 2017/0016,2017-03-15,2,House of Lords: Party and Group Strengths and Voting,H,2021,false
11873,LBP 2017/0031,2017-03-16,2,Leaving the European Union: Gibraltar,L,2017,false
11874,LBP 2017/0032,2017-03-16,2,"UK Defence and Security, the NATO Alliance and Challenges to the International Rules-Based Order",U,2017,false
11875,LIF 2017/0024,2017-03-16,2,NATO Alliance: Recent Developments,N,2017,false
11884,LBP 2017/0033,2017-03-17,2,Leaving the European Union: Science,L,2017,false
11885,LBP 2017/0034,2017-03-17,2,European Union Committee Report: Brexit: Environment and Climate Change,E,2017,false
11887,LIF 2017/0025,2017-03-21,2,Queen’s Speech: Lords Movers and Seconders,Q,2017,false
11891,LBP 2017/0035,2017-03-21,2,Protecting and Improving Local Arts and Cultural Services,P,2017,false
11898,LIF 2017/0026,2017-03-22,2,European Union (Notification of Withdrawal) Act 2017 and the Rights of EU Nationals,E,2017,false
11899,LBP 2017/0036,2017-03-22,2,Ensuring Qualifying Non-UK EEA Nationals Retain EU-Derived Rights After the UK Has Left the EU,E,2017,false
11900,LIF 2017/0027,2017-03-23,2,European Union (Notification of Withdrawal) Act 2017 and Parliamentary Approval of the Outcome of Brexit Negotiations,E,,false
11901,LBP 2017/0037,2017-03-23,2,Appointing a Joint Committee on the Terms and Options for Parliamentary Votes on the Outcome of Negotiations on the UK's Withdrawal from the EU,A,2017,false
11903,LBP 2017/0038,2017-03-23,2,UK’s Position in Medical Research,U,2017,false
11905,LBP 2017/0039,2017-03-27,2,Role of the Lord Speaker,R,2017,false
11906,LBP 2017/0040,2017-03-27,2,Future of Local Post Offices,F,2017,false
11907,LBP 2017/0041,2017-03-27,2,Cost of Alcohol Abuse to the National Health Service,C,2017,false
11908,LBP 2017/0042,2017-03-27,2,Educational Attainment: Boys at State Schools,E,2017,false
11909,LBP 2017/0043,2017-03-27,2,Future Role of the Organisation for Security and Co-operation in Europe,F,2017,false
11910,LIF 2017/0028,2017-03-27,2,Falklands War: 35 Years Anniversary (published 2017),F,2022,false
11910,LIF 2017/0028,2017-03-27,2,Falklands War: 35 Years Anniversary (published 2017),F,2022,false
11912,LIF 2017/0029,2017-03-28,2,Hereditary By-elections: Results,H,,false
11913,LLN 2017/0017,2017-03-28,2,Leaving the European Union: World Trade Organisation,L,2017,false
11921,LBP 2017/0044,2017-03-29,2,Leaving the European Union: Triggering of Article 50,L,,false
11922,LBP 2017/0045,2017-03-30,2,European Union Committee Report: Brexit and the EU Budget,E,2017,false
11924,LLN 2017/0018,2017-03-31,2,Leaving the European Union: Profile of the EU27,L,2017,false
11927,LIF 2017/0030,2017-03-31,2,Local Audit (Public Access to Documents) Bill: Briefing for Lords Stages,L,2017,false
11928,LIF 2017/0031,2017-03-31,2,Merchant Shipping (Homosexual Conduct) Bill: Briefing for Lords Stages,M,2017,false
11930,LIF 2017/0032,2017-04-03,2,Farriers (Registration) Bill: Briefing for Lords Stages,F,2017,false
11931,LIF 2017/0033,2017-04-03,2,Guardianship (Missing Persons) Bill: Briefing for Lords Stages,G,2017,false
11935,LIF 2017/0034,2017-04-05,2,Devolution in England: Elections for Regional Mayors on 4 May 2017,D,2017,false
11937,LLN 2017/0019,2017-04-05,2,House of Lords: Backgrounds in Public Life,H,2017,false
11939,LBP 2017/0046,2017-04-06,2,White Paper on Legislating for the United Kingdom’s Withdrawal from the European Union	,W,2017,false
11940,LIF 2017/0035,2017-04-06,2,"World Health Day, 7 April 2017",W,2017,false
11941,LBP 2017/0047,2017-04-06,2,Support for the Steel Industry,S,2017,false
11942,LIF 2017/0036,2017-04-06,2,Scottish Independence Referendum Procedure: Section 30 Orders,S,2017,false
11946,LBP 2017/0048,2017-04-11,2,Race in the Workplace: The McGregor-Smith Review,R,2017,false
11961,LIF 2017/0037,2017-04-21,2,Wash-up: What Happens to Bills before Parliament is Dissolved,W,2017,false
11962,LBP 2017/0049,2017-04-24,2,Northern Ireland (Ministerial Appointments and Regional Rates) Bill—Second Reading and Remaining Stages,N,2017,false
11964,LBP 2017/0050,2017-04-24,2,Finance (No. 2) Bill,F,2017,false
11967,LIF 2017/0038,2017-04-25,2,Dissolution Honours: Peerage Creations 1959-2015,D,2017,false
11968,LIF 2017/0039,2017-04-25,2,Leaving the European Union: Frontex and UK Border Security Cooperation Within Europe,L,2017,false
11969,LIF 2017/0040,2017-04-25,2,Fake News,F,2017,false
11971,LLN 2017/0020,2017-04-27,2,History of the House of Lords: A Short Introduction,H,2017,false
11981,LIF 2017/0041,2017-05-02,2,Leaving the European Union: Status of Gibraltar,L,2017,false
12006,LLN 2017/0021,2017-06-08,2,"House of Lords: Maiden and Valedictory Speeches, 2015-2017",H,2017,false
12018,LLN 2017/0022,2017-06-15,2,Leaving the European Union: UK Climate Change Policy,L,2017,false
12020,LLN 2017/0023,2017-06-15,2,"Queen's Speech 2017 Day 1: Foreign Affairs, Defence, Trade and International Development",Q,2017,false
12020,LLN 2017/0023,2017-06-15,2,"Queen's Speech 2017 Day 1: Foreign Affairs, Defence, Trade and International Development",Q,2017,false
12020,LLN 2017/0023,2017-06-15,2,"Queen's Speech 2017 Day 1: Foreign Affairs, Defence, Trade and International Development",Q,2017,false
12021,LLN 2017/0024,2017-06-15,2,"Queen's Speech 2017 Day 2: Business, Economic Affairs, Transport, Energy, Environment and Agriculture",Q,2017,false
12021,LLN 2017/0024,2017-06-15,2,"Queen's Speech 2017 Day 2: Business, Economic Affairs, Transport, Energy, Environment and Agriculture",Q,2017,false
12022,LLN 2017/0025,2017-06-15,2,"Queen's Speech 2017 Day 3: Home Affairs, Communities and Local Government, Justice, Constitutional Affairs and Devolved Affairs",Q,2017,false
12022,LLN 2017/0025,2017-06-15,2,"Queen's Speech 2017 Day 3: Home Affairs, Communities and Local Government, Justice, Constitutional Affairs and Devolved Affairs",Q,2017,false
12022,LLN 2017/0025,2017-06-15,2,"Queen's Speech 2017 Day 3: Home Affairs, Communities and Local Government, Justice, Constitutional Affairs and Devolved Affairs",Q,2017,false
12023,LLN 2017/0026,2017-06-15,2,Queen's Speech 2017 Day 4: Exiting the European Union,Q,2017,false
12023,LLN 2017/0026,2017-06-15,2,Queen's Speech 2017 Day 4: Exiting the European Union,Q,2017,false
12024,LLN 2017/0027,2017-06-15,2,"Queen's Speech 2017 Day 5: Education, Health, Welfare, Pensions and Culture",Q,2017,false
12024,LLN 2017/0027,2017-06-15,2,"Queen's Speech 2017 Day 5: Education, Health, Welfare, Pensions and Culture",Q,2017,false
12042,LLN 2017/0028,2017-06-20,2,State Openings of Parliament: Reduced Ceremonial,S,2017,false
12043,LLN 2017/0029,2017-06-20,2,Air Pollution in England: Recent Developments,A,2017,false
12044,LLN 2017/0030,2017-06-20,2,Salisbury Convention in a Hung Parliament,S,2017,false
12050,LLN 2017/0031,2017-06-22,2,State Opening of Parliament: Postponements,S,2017,false
12051,LLN 2017/0032,2017-06-22,2,Parliamentary Sessions: Years Without a Queen's Speech,P,2017,false
12054,LLN 2017/0033,2017-06-23,2,Hepatitis C: Statistics and Developments,H,2020,false
12066,LBP 2017/0051,2017-06-28,2,Centenary of the Balfour Declaration,C,2017,false
12067,LLN 2017/0034,2017-06-28,2,Measuring the Impact of the UK’s Development Aid Budget,M,2017,false
12068,LLN 2017/0035,2017-06-28,2,Air Quality in London,A,2017,false
12070,LBP 2017/0052,2017-06-29,2,European Union Committee Report: Brexit: Acquired Rights,E,2017,false
12073,LLN 2017/0037,2017-06-29,2,Hong Kong Handover: 20 Year Anniversary,H,2017,false
12074,LBP 2017/0053,2017-06-29,2,International Relations Committee Report: The Middle East: Time for a New Realism,I,2017,false
12075,LLN 2017/0036,2017-06-29,2,Financial Guidance and Claims Bill [HL]: Briefing for Lords Stages,F,2017,false
12081,LBP 2017/0054,2017-07-03,2,Steps to Promote Financial Inclusion,S,2017,false
12082,LBP 2017/0055,2017-07-03,2,Role of Business in Society,R,2017,false
12083,LBP 2017/0056,2017-07-03,2,Domestic Violence,D,2017,false
12094,LBP 2017/0057,2017-07-04,2,Security Situation in the United Kingdom,S,2017,false
12095,LLN 2017/0039,2017-07-05,2,Space Industry Bill [HL]: Briefing for Lords Stages,S,2017,false
12096,LLN 2017/0040,2017-07-05,2,Armed Forces (Flexible Working) Bill [HL]: Briefing for Lords Stages,A,2017,false
12097,LLN 2017/0038,2017-07-05,2,Supreme Court of the United Kingdom: Changes to Membership,S,2017,false
12099,LBP 2017/0058,2017-07-05,2,Gulf States: Recent Tensions,G,2017,false
12103,LBP 2017/0059,2017-07-06,2,NHS: Long-Term Sustainability,N,2017,false
12106,LBP 2017/0060,2017-07-07,2,Local Government Finance and Arrangements Beyond 2020,L,2017,false
12108,LBP 2017/0061,2017-07-10,2,Public Sector Pay Cap,P,2017,false
12111,LBP 2017/0062,2017-07-10,2,Security Challenges and Human Rights Violations on the Korean Peninsula,S,2017,false
12112,LLN 2017/0041,2017-07-10,2,Deregulation: Government Policy since 1997,D,2017,false
12113,LBP 2017/0063,2017-07-10,2,European Union Committee Report: Brexit: Trade in Goods,E,2017,false
12119,LBP 2017/0064,2017-07-11,2,Economic Affairs Committee Report: The Price of Power: Reforming the Electricity Market,E,2017,false
12121,LBP 2017/0065,2017-07-11,2,European Union Committee: Brexit: UK–EU Movement of People,E,2017,false
12126,LBP 2017/0066,2017-07-12,2,Proposed Closure of Congenital Heart Disease Services at the Royal Brompton Hospital,P,2017,false
12131,LBP 2017/0067,2017-07-13,2,Leaving Euratom and Supply of Nuclear Materials,L,2017,false
12135,LLN 2017/0042,2017-07-14,2,Transport and Island Communities in England,T,2017,false
12136,LBP 2017/0068,2017-07-14,2,All Party Parliamentary Group on Refugees Report: Refugees Welcome?,A,2017,false
12137,LLN 2017/0045,2017-07-17,2,Sexual Offences Act 1967: 50th Anniversary,S,2017,false
12138,LLN 2017/0044,2017-07-17,2,"World Day Against Trafficking in Persons, 30 July 2017",W,2017,false
12140,LLN 2017/0043,2017-07-17,2,Taylor Review of Modern Employment Practices,T,2017,false
12141,,2017-07-17,2,Customs and Traditions in the House of Lords,C,,false
12142,LLN 2017/0046,2017-07-17,2,Leaving the European Union: The Impact on Professional Sport,L,2017,false
12147,LLN 2017/0047,2017-07-20,2,Hereditary By-elections: Results,H,2017,false
12150,LLN 2017/0048,2017-07-24,2,Air Travel Organisers' Licensing Bill: Briefing for Lords Stages,A,2017,false
12150,LLN 2017/0048,2017-07-24,2,Air Travel Organisers' Licensing Bill: Briefing for Lords Stages,A,2017,false
12153,LLN 2017/0049,2017-07-26,2,Prison Overcrowding,P,2017,false
12169,LBP 2017/0069,2017-08-01,2,European Union Committee Report: Brexit: UK-Irish Relations,E,2017,false
12171,LBP 2017/0070,2017-08-01,2,Cannabis Classification,C,2017,false
12172,LBP 2017/0071,2017-08-01,2,Law Relating to Local Government Elections,L,2017,false
12174,LBP 2017/0072,2017-08-01,2,Deferred Payment Scheme: Funding Older People’s Care,D,2017,false
12181,LBP 2017/0073,2017-08-04,2,"Transport and Major Infrastructure Needs of Saint Helena, Ascension, Tristan da Cunha and the Falkland Islands",T,2017,false
12184,LLN 2017/0050,2017-08-07,2,Customs and Traditions of the House of Lords,C,2017,false
12187,LLN 2017/0051,2017-08-10,2,Digital Skills in the United Kingdom,D,2017,false
12189,LLN 2017/0052,2017-08-15,2,House of Lords (Hereditary Peers) (Abolition of By-Elections) Bill [HL]: Briefing for Lords Stages,H,2017,false
12190,LLN 2017/0053,2017-08-17,2,Modern Slavery (Victim Support) Bill [HL]: Briefing for Lords Stages,M,2017,false
12192,LLN 2017/0054,2017-08-17,2,Age of Criminal Responsibility Bill [HL]: Briefing for Lords Stages,A,2017,false
12194,LLN 2017/0055,2017-08-23,2,Leaving the European Union: Reporting to Parliament on the Progress of Negotiations,L,2017,false
12202,LLN 2017/0056,2017-09-04,2,House of Lords: Lords Spiritual,H,2017,false
12203,LBP 2017/0074,2017-09-04,2,Commonwealth Summit 2018,C,2017,false
12210,LLN 2017/0057,2017-09-07,2,Position Papers and Future Partnership Papers on the UK's Future Relationship with the EU,P,2017,false
12211,LLN 2017/0058,2017-09-07,2,Private Member's Bills in the House of Lords,P,2017,false
12215,LLN 2017/0059,2017-09-08,2,Gambling Advertisements: Effect on Children,G,2017,false
12216,LLN 2017/0061,2017-09-08,2,Asset Freezing (Compensation) Bill [HL]: Briefing for Lords Stages,A,2017,false
12217,LLN 2017/0060,2017-09-11,2,English Baccalaureate and Broadening the Curriculum,E,2017,false
12227,LLN 2017/0062,2017-09-14,2,Select Committees in the House of Lords: Updated September 2017,S,2017,false
12236,LLN 2017/0063,2017-09-20,2,Democratic Political Activity (Funding and Expenditure) Bill [HL]: Briefing for Lords Stages,D,2017,false
12246,LBP 2017/0075,2017-10-02,2,Reports of the Constitution Committee and European Union Committee,R,2017,false
12249,LBP 2017/0076,2017-10-03,2,The Farmer Review on Impact of Family on Reducing Reoffending,T,2017,false
12253,LLN 2017/0064,2017-10-03,2,Telecommunications Infrastructure (Relief from Non-Domestic Rates) Bill: Briefing for Lords Stages,T,2017,false
12254,LLN 2017/0065,2017-10-04,2,Data Protection Bill [HL]: Briefing for Lords Stages,D,2017,false
12255,LBP 2017/0077,2017-10-04,2,Progress on Reconciliation in Sri Lanka,P,2017,false
12261,LLN 2017/0066,2017-10-06,2,"Globalisation, Technology and Demographic Change and the Future of Work",G,2017,false
12264,LBP 2017/0078,2017-10-09,2,Communications Committee Report: A Privatised Future for Channel 4,C,,false
12266,LLN 2017/0067,2017-10-09,2,Availability and Affordability of Housing,A,2017,false
12270,LBP 2017/0079,2017-10-10,2,People of Northern Cyprus and the Reunification Talks,P,2017,false
12275,LBP 2017/0080,2017-10-11,2,Communications Committee Report: A Privatised Future for Channel 4,C,2017,false
12276,LBP 2017/0081,2017-10-11,2,Science and Technology Committee Report: Nuclear Research and Technology,S,2017,false
12278,LLN 2017/0068,2017-10-11,2,Council Services: Resourcing in Two-Tier Areas,C,2017,false
12279,LBP 2017/0082,2017-10-11,2,"European Union Committee Reports: Brexit, Agriculture and Farm Animal Welfare",E,2017,false
12281,LLN 2017/0069,2017-10-12,2,Battle of Passchendaele: Centenary Commemorations,B,2017,false
12284,LBP 2017/0083,2017-10-12,2,Future of Hospitals in West London,F,2017,false
12286,LLN 2017/0070,2017-10-13,2,Unpaid Work Experience (Prohibition) Bill [HL]: Briefing for Lords Stages,U,2017,false
12288,LBP 2017/0084,2017-10-13,2,Economic Impact of Failure to Agree a Transition Deal with the European Union,E,2017,false
12305,LBP 2017/0085,2017-10-18,2,Science and Innovation Strategy and the Industrial Strategy,S,2017,false
12307,LLN 2017/0071,2017-10-18,2,European Union (Approvals) Bill: Briefing for Lords Stages,E,2017,false
12309,LLN 2017/0072,2017-10-19,2,Intergenerational Fairness and Government Policy,I,2017,false
12315,LBP 2017/0086,2017-10-20,2,Support for Rohingya Refugees in Bangladesh,S,2017,false
12318,LLN 2017/0073,2017-10-23,2,Impact of Air and Water Pollution on the Environment and Public Health,I,2017,false
12328,LBP 2017/0087,2017-10-24,2,Post-Ebola Recovery in Sierra Leone,P,2017,false
12329,LBP 2017/0088,2017-10-25,2,Improving the Reliability of Railway Services,I,2017,false
12330,LBP 2017/0089,2017-10-25,2,Commonwealth Summit 2018,C,2017,false
12335,LLN 2017/0074,2017-10-26,2,Sanctions and Anti-Money Laundering Bill [HL]: Briefing for Lords Stages,S,2017,false
12337,LBP 2017/0090,2017-10-27,2,Refugees and Migrants in Calais,R,2017,false
12339,LLN 2017/0075,2017-10-27,2,Debate on the Impact of 'A Manifesto to Strengthen Families',D,2017,false
12341,LLN 2017/0076,2017-10-30,2,"Agriculture, Fisheries and the Rural Economy",A,2017,false
12348,LBP 2017/0091,2017-11-01,2,Communications Committee Report: Growing Up with the Internet,C,2017,false
12353,LLN 2017/0077,2017-11-02,2,Statistics on the Size and Composition of the House of Lords,S,,false
12353,LLN 2017/0077,2017-11-02,2,Statistics on the Size and Composition of the House of Lords: November 2017,S,,false
12357,LLN 2017/0078,2017-11-06,2,Governance and Administration of the House of Lords,G,,false
12358,LLN 2017/0079,2017-11-06,2,"Human Rights of Older Persons, and their Comprehensive Care",H,2017,false
12359,LBP 2017/0092,2017-11-07,2,Risks Posed by Current Levels of Household Debt in the United Kingdom,R,2017,false
12365,LBP 2017/0093,2017-11-07,2,Finance Bill: Briefing for Lords Stages,F,2017,false
12370,LLN 2017/0080,2017-11-08,2,Impact of Universal Credit on Claimants,I,2017,false
12376,LBP 2017/0094,2017-11-09,2,Northern Ireland Budget Bill 2017–19,N,2017,false
12377,LBP 2017/0095,2017-11-10,2,Support for the Contemporary Practice of the Arts,S,2017,false
12378,LBP 2017/0096,2017-11-10,2,School Funding and Access to Good Schools,S,2017,false
12379,LBP 2017/0097,2017-11-10,2,Leaving the EU: Impact on the Least Developed Countries,L,2017,false
12380,LBP 2017/0098,2017-11-10,2,Farm Support,F,2017,false
12386,LBP 2017/0099,2017-11-13,2,Rising Inflation and Freeze of Working Age Benefits,R,2017,false
12387,LBP 2017/0100,2017-11-13,2,Impact on the Economy and Environment of HS2,I,2017,false
12394,LBP 2017/0101,2017-11-14,2,Memorandum of Understanding with the Devolved Administrations,M,2017,false
12402,LBP 2017/0102,2017-11-16,2,Wound Care in the NHS,W,2017,false
12403,LLN 2017/0082,2017-11-16,2,Online Gambling: Problem Gamblers and the Multi-Operator Self Exclusion Scheme,O,2017,false
12405,LLN 2017/0081,2017-11-16,2,Equality Act 2010 (Amendment) (Disabled Access) Bill [HL]: Briefing for Lords Stages,E,2017,false
12409,LBP 2017/0103,2017-11-17,2,Section 42 of the Armed Forces Act 2006,S,2017,false
12413,LLN 2017/0083,2017-11-17,2,"Size and Capability of the UK’s Armed Forces for Contributing to Global Peace, Stability and Security",S,2017,false
12414,LLN 2017/0084,2017-11-20,2,Home Education (Duty of Local Authorities) Bill [HL]: Briefing for Lords Stages,H,2017,false
12416,LLN 2017/0085,2017-11-20,2,Creditworthiness Assessment Bill [HL]: Briefing for Lords Stages,C,2017,false
12420,LBP 2017/0104,2017-11-20,2,Export of Goods and Services to Africa and the Commonwealth,E,2017,false
12427,LLN 2017/0086,2017-11-21,2,Gig Economy: Introduction,G,2017,false
12430,LBP 2017/0105,2017-11-22,2,Department for International Development: Economic Development Strategy,D,2017,false
12437,LBP 2017/0106,2017-11-23,2,Mental Health Services for Black and Ethnic Minorities,M,2017,false
12438,LBP 2017/0107,2017-11-23,2,The Future of the Royal Marines,T,2017,false
12439,LBP 2017/0108,2017-11-23,2,Lifelong Learning and Adult Re-skilling,L,2017,false
12442,LBP 2017/0109,2017-11-24,2,Early Years Education in England,E,2017,false
12444,LLN 2017/0087,2017-11-24,2,"Impact of Fiscal Policies on Recruitment, Retention and Conditions of NHS Staff",I,2017,false
12447,LBP 2017/0110,2017-11-27,2,Regional and National Inequality in the United Kingdom,R,2017,false
12448,LBP 2017/0111,2017-11-27,2,Autumn Budget 2017,A,2017,false
12459,LLN 2017/0088,2017-11-30,2,Natural Environment and Animal Welfare,N,2017,false
12464,LBP 2017/0112,2017-11-30,2,Counter-Terrorism: Government Strategy,C,2017,false
12465,LLN 2017/0089,2017-12-01,2,Future of UK Trade and Customs Policy,F,2017,false
12466,LLN 2017/0090,2017-12-01,2,HM Government’s Plans for Regulation,H,2017,false
12467,LBP 2017/0113,2017-12-01,2,The Situation in Zimbabwe,T,2017,false
12468,LLN 2017/0091,2017-12-01,2,Importance of Education in Building a Flourishing and Skilled Society,I,2017,false
12474,LBP 2017/0114,2017-12-05,2,Recent Developments in Sudan and South Sudan,R,2017,false
12480,LLN 2017/0092,2017-12-07,2,Human Rights Priorities in the Light of Brexit,H,2017,false
12480,LLN 2017/0092,2017-12-07,2,Human Rights Priorities in the Light of Brexit,H,2017,false
12482,LBP 2017/0115,2017-12-07,2,State Pension Provision for Women Born in the 1950s,S,2017,false
12483,LLN 2017/0093,2017-12-07,2,Bach Commission Report: The Right to Justice,B,2017,false
12487,LBP 2017/0116,2017-12-08,2,Poverty and Disadvantage in the United Kingdom,P,2017,false
12488,LLN 2017/0094,2017-12-08,2,Vulnerable Children: Work of the Children’s Commissioner,V,2017,false
12489,LLN 2017/0095,2017-12-11,2,Local Government Elections (Referendum) Bill [HL]: Briefing for Lords Stages,L,2017,false
12490,LLN 2017/0096,2017-12-11,2,Immigration Control (Gross Human Rights Abuses) Bill [HL]: Briefing for Lords Stages,I,2017,false
12492,LLN 2017/0097,2017-12-11,2,Refugees (Family Reunion) Bill [HL]: Briefing for Lords Stages,R,2017,false
12492,LLN 2017/0097,2017-12-11,2,Refugees (Family Reunion) Bill [HL]: Briefing for Lords Stages,R,2017,false
12494,LBP 2017/0117,2017-12-12,2,Financial Exclusion,F,2017,false
12495,LBP 2017/0118,2017-12-12,2,Licencing Act 2003: Post-Legislative Scrutiny,L,2017,false
12501,LLN 2017/0098,2017-12-13,2,Statistics on the Size and Composition of the House of Lords: December 2017,S,,false
12503,LBP 2017/0119,2017-12-13,2,European Union Committee Report: Brexit: Trade in Non-Financial Services,E,2017,false
12504,LLN 2017/0099,2017-12-14,2,Global Effects of Climate Change on Health,G,2017,false
12508,LBP 2017/0120,2017-12-14,2,"European Union Committee: Brexit: Justice for Families, Individuals and Businesses?",E,2017,false
12509,LBP 2017/0121,2017-12-14,2,Connected and Autonomous Vehicles,C,2017,false
12512,LLN 2017/0100,2017-12-15,2,Life Peerage Creations: Powers of the Crown,L,2017,false
12513,LLN 2017/0101,2017-12-15,2,Impact of the Trade in Ivory on Endangered Species,I,2017,false
12522,LLN 2017/0102,2017-12-21,2,Rehabilitation in Prisons,R,2017,false
12524,LLN 2017/0103,2017-12-21,2,Laser Misuse (Vehicles) Bill [HL]: Briefing for Lords Stages,L,2018,false
12526,LLN 2017/0104,2017-12-21,2,Industrial Strategy and the UK Economy,I,2017,false
12527,LBP 2017/0122,2017-12-21,2,Religious and Ethnic Minorities in Iraq,R,2017,false
12534,LLN 2018/0001,2018-01-05,2,Housebuilding in the UK,H,2018,false
12536,LLN 2018/0002,2018-01-05,2,Secure Tenancies (Victims of Domestic Abuse) Bill [HL]: Briefing for Lords Stages,S,2018,false
12538,LLN 2018/0003,2018-01-08,2,Social Media and Online Platforms as Publishers,S,2018,false
12540,LBP 2018/0001,2018-01-08,2,China: Ban on Waste Imports,C,2018,false
12551,LBP 2018/0002,2018-01-10,2,Foreign Language Teaching,F,2018,false
12554,LBP 2018/0003,2018-01-11,2,Legal System: Prosecutions,L,2018,false
12556,LBP 2018/0004,2018-01-11,2,Charities Committee Report: Stronger Charities for a Stronger Society,C,2018,false
12558,LBP 2018/0005,2018-01-11,2,European Union Committee Report: Brexit: Deal or No Deal,E,2018,false
12560,LLN 2018/0004,2018-01-12,2,Green Finance and the Resilience of the Financial Sector to Climate Change,G,2018,false
12562,LBP 2018/0006,2018-01-12,2,Sport Funding in the UK,S,2018,false
12565,LBP 2018/0007,2018-01-12,2,Children's Dental Care,C,2018,false
12567,LLN 2018/0005,2018-01-12,2,US Foreign Policy and the UK’s International Relationships,U,2018,false
12569,LBP 2018/0008,2018-01-15,2,70th Anniversary of MV Empire Windrush,7,2018,false
12570,LBP 2018/0009,2018-01-15,2,Defence Review: Capability of the Armed Forces,D,2018,false
12574,LBP 2018/0010,2018-01-17,2,Problems Faced by Museums and Galleries in England,P,2018,false
12575,LBP 2018/0011,2018-01-17,2,European Union Committee Report: Brexit and the Crown Dependencies,E,2018,false
12576,LLN 2018/0007,2018-01-18,2,Social Care: Impact of NHS Plans and Delivery of Services Over the Winter Period,S,2018,false
12577,LBP 2018/0012,2018-01-18,2,Support for Small and Medium-sized Enterprises,S,2018,false
12578,LBP 2018/0013,2018-01-18,2,Availability and Sustainable Management of Water in Developing Countries,A,2018,false
12579,LLN 2018/0006,2018-01-18,2,Open Skies Agreement (Membership) Bill [HL]: Briefing for Lords Stages,O,2018,false
12583,LBP 2018/0014,2018-01-19,2,Innovative Cancer Treatments,I,2018,false
12585,LLN 2018/0008,2018-01-19,2,Registration of Marriage Bill [HL]: Briefing for Lords Stages,R,2018,false
12588,LLN 2018/0009,2018-01-22,2,Leaving the EU: Role of the Devolved Administrations and Implications for the Union,L,2018,false
12589,LLN 2018/0010,2018-01-22,2,Conscientious Objection (Medical Activities) Bill [HL]: Briefing for Lords Stages,C,2018,false
12594,LBP 2018/0015,2018-01-23,2,Government’s 25 Year Environment Plan,G,2018,false
12597,LBP 2018/0016,2018-01-24,2,Russia: Current UK Strategy on Relations,R,2018,false
12608,LLN 2018/0011,2018-01-25,2,European Union (Withdrawal) Bill: Briefing for Lords Stages,E,2018,false
12609,LBP 2018/0017,2018-01-26,2,Independent Radio Production,I,2018,false
12611,LBP 2018/0018,2018-01-26,2,Restoration and Renewal of the Palace of Westminster,R,2018,false
12613,LLN 2018/0012,2018-01-30,2,Current European Union Trade Agreements,C,2018,false
12615,LLN 2018/0013,2018-01-30,2,World Cancer Day: 2018,W,2020,false
12619,LLN 2018/0014,2018-01-30,2,Lords Membership: How Many Women Have Sat in the Lords?,L,2021,false
12619,LLN 2018/0014,2018-01-30,2,Lords Membership: How Many Women Have Sat in the Lords?,L,2021,false
12619,LLN 2018/0014,2018-01-30,2,Lords Membership: How Many Women Have Sat in the Lords?,L,2021,false
12622,LLN 2018/0015,2018-01-31,2,Representation of Women in Parliament,R,2018,false
12624,LLN 2018/0016,2018-02-01,2,Proposed UK-EU Security Treaty,P,,false
12628,LLN 2018/0017,2018-02-01,2,Nuclear Safeguards Bill: Briefing for Lords Stages,N,2018,false
12631,LLN 2018/0018,2018-02-02,2,Restoration and Renewal of the Palace of Westminster: Summary of Commons Debate,R,2018,false
12632,LBP 2018/0019,2018-02-02,2,European Union Committee Report: Brexit: Judicial Oversight of the European Arrest Warrant,E,2018,false
12633,LBP 2018/0020,2018-02-02,2,Economic Affairs Committee Report: Brexit and the Labour Market,E,2018,false
12635,LLN 2018/0019,2018-02-05,2,International Day of Zero Tolerance for Female Genital Mutilation: 2018,I,,false
12639,LLN 2018/0020,2018-02-06,2,Brexit: Overseas Development Assistance,B,2018,false
12640,LBP 2018/0021,2018-02-07,2,"International Development: Women and Girls, Including Widows",I,2018,false
12646,LBP 2018/0022,2018-02-08,2,Importance of Volunteering,I,2018,false
12648,LLN 2018/0021,2018-02-08,2,Criminal Records Bill [HL]: Briefing for Lords Stages,C,2018,false
12649,LBP 2018/0023,2018-02-08,2,Nuclear Weapons: UN Conference,N,2018,false
12651,LLN 2018/0022,2018-02-08,2,Automated and Electric Vehicles Bill: Briefing for Lords Stages,A,2018,false
12655,LLN 2018/0023,2018-02-09,2,Ecumenical Marriage Bill [HL]: Briefing for Lords Stages,E,2018,false
12663,LLN 2018/0024,2018-02-15,2,Family Relationships (Impact Assessment and Targets) Bill [HL]: Briefing for Lords Stages,F,2018,false
12666,LLN 2018/0025,2018-02-19,2,Haulage Permits and Trailer Registration Bill [HL]: Briefing for Lords Stages,H,2018,false
12671,LBP 2018/0024,2018-02-20,2,Lifelong Learning in England,L,2018,false
12672,LBP 2018/0025,2018-02-20,2,Global Nursing Investment,G,2018,false
12673,LLN 2018/0026,2018-02-20,2,Gig Economy: Legal Status of Gig Economy Workers and Working Practices,G,2018,false
12686,LBP 2018/0026,2018-02-23,2,Facial Recognition Technology in Security and Policing,F,2018,false
12692,LBP 2018/0027,2018-02-27,2,Obesity: Children and Young People,O,2018,false
12695,LBP 2018/0028,2018-02-28,2,Private Sector Pension Funds,P,2018,false
12696,LLN 2018/0027,2018-02-28,2,International Women’s Day: Steps Being Taken to Press for Gender Equality Globally,I,2018,false
12701,LBP 2018/0029,2018-03-01,2,Bus Services in England,B,2018,false
12704,LBP 2018/0030,2018-03-02,2,Future of the UK’s Inland Waterways,F,2018,false
12706,LBP 2018/0031,2018-03-02,2,"Gypsy, Traveller and Roma Communities: Health",G,2018,false
12708,LBP 2018/0032,2018-03-05,2,Antimicrobial Resistance,A,2020,false
12709,LLN 2018/0028,2018-03-05,2,Smart Meters Bill 2017-19: Briefing for Lords Stages,S,2018,false
12714,LBP 2018/0033,2018-03-06,2,Finance (No.2) Bill,F,2018,false
12726,LBP 2018/0034,2018-03-08,2,Revised Draft Airports National Policy Statement,R,2018,false
12727,LBP 2018/0035,2018-03-08,2,UK Economy: Spring Statement 2018,U,2018,false
12736,LBP 2018/0036,2018-03-13,2,Domestic Abuse: Support and Prevention,D,2018,false
12743,LLN 2018/0029,2018-03-14,2,Commonwealth Heads of Government Meeting 2018,C,2018,false
12751,LLN 2018/0030,2018-03-19,2,Belfast Agreement: 20 Year Anniversary,B,2018,false
12758,LLN 2018/0031,2018-03-20,2,"International Day for the Elimination of Racial Discrimination, 21 March 2018",I,2018,false
12766,LBP 2018/0037,2018-03-22,2,Northern Ireland Bills,N,2018,false
12767,LLN 2018/0032,2018-03-23,2,Leaving the EU: Health and Welfare of UK Citizens and Residents,L,2018,false
12768,LLN 2018/0033,2018-03-23,2,Syria: Humanitarian Crisis,S,2018,false
12773,LLN 2018/0034,2018-03-27,2,"World Autism Awareness Day, 2 April 2018",W,2018,false
12774,LLN 2018/0035,2018-03-28,2,Life Peerages Act 1958: 65th anniversary,L,2023,false
12774,LLN 2018/0035,2018-03-28,2,Life Peerages Act 1958: 65th anniversary,L,2023,false
12775,LLN 2018/0036,2018-03-28,2,Life Peerages Act 1958: First Life Peers,L,2018,false
12781,LLN 2018/0037,2018-03-29,2,Sustainability of the UK Public Finances: A Long-Run Perspective,S,2018,false
12793,LBP 2018/0038,2018-04-09,2,Obesity: Children and Young People,O,2018,false
12794,LBP 2018/0039,2018-04-09,2,Lifelong Learning in England,L,2018,false
12802,LBP 2018/0040,2018-04-12,2,European Union Committee Report: Brexit: Sanctions Policy,E,2018,false
12803,LBP 2018/0041,2018-04-12,2,Select Committee on Long-term Sustainability of NHS: Report,S,2018,false
12806,LLN 2018/0038,2018-04-12,2,European Union (Withdrawal) Bill: Lords Committee Stage,E,2018,false
12811,LLN 2018/0039,2018-04-17,2,Bat Habitats Regulation Bill [HL]: Briefing for Lords Stages,B,2018,false
12811,LLN 2018/0039,2018-04-17,2,Bat Habitats Regulation Bill [HL]: Briefing for Lords Stages,B,2018,false
12813,LBP 2018/0042,2018-04-17,2,National Security Situation,N,2018,false
12818,LLN 2018/0040,2018-04-19,2,Civil Liability Bill [HL]: Briefing for Lords Stages,C,2018,false
12819,LLN 2018/0041,2018-04-19,2,House of Lords: Largest Votes Recorded,H,,false
12822,LLN 2018/0042,2018-04-20,2,Work of the Ad Hoc Committees in 2015–16: House of Lords Equality Act 2010 and Disability Committee,W,2018,false
12823,LLN 2018/0043,2018-04-20,2,Work of the Ad Hoc Committees in 2015–16: House of Lords Social Mobility Committee,W,2018,false
12824,LLN 2018/0044,2018-04-20,2,Work of the Ad Hoc Committees in 2015–16: House of Lords National Policy for the Built Environment Committee,W,2018,false
12825,LLN 2018/0045,2018-04-20,2,Work of the Ad Hoc Committees in 2015–16: House of Lords Sexual Violence in Conflict Committee,W,2018,false
12831,LLN 2018/0046,2018-04-23,2,Leaving the EU: Local Government Consultation After Withdrawal,L,2018,false
12832,LLN 2018/0047,2018-04-23,2,World Malaria Day: 25 April 2018,W,2018,false
12836,LLN 2018/0048,2018-04-24,2,House of Lords: Largest Votes Recorded,H,2021,false
12837,LLN 2018/0049,2018-04-25,2,World Intellectual Property Day: 26 April 2018,W,2018,false
12843,LLN 2018/0050,2018-04-26,2,Leaving the EU: Food Safety,L,2018,false
12851,LBP 2018/0043,2018-05-01,2,Promoting and Improving the Welfare of Domestic Animals,P,2018,false
12852,LBP 2018/0044,2018-05-01,2,Myanmar: Recent Developments,M,2018,false
12853,LLN 2018/0051,2018-05-02,2,Divorce (Financial Provision) Bill [HL]: Briefing for Lords Stages,D,2018,false
12854,LBP 2018/0045,2018-05-02,2,Review of the Scrap Metal Dealers Act 2013,R,2018,false
12855,LLN 2018/0052,2018-05-02,2,Outcome of the Commonwealth Heads of Government Meeting 2018,O,2018,false
12862,LBP 2018/0046,2018-05-03,2,Health Inequalities in Autistic People and People with Learning Difficulties,H,2018,false
12863,LBP 2018/0047,2018-05-03,2,Equality and Human Rights Commission,E,2018,false
12865,LBP 2018/0048,2018-05-04,2,Effectiveness of the Prompt Payment Code,E,2018,false
12868,LBP 2018/0049,2018-05-08,2,Global Nursing Investment,G,2018,false
12876,LBP 2018/0050,2018-05-10,2,Social Workers: Working Conditions and Wellbeing,S,2018,false
12877,LBP 2018/0051,2018-05-11,2,Communications Committee Report: Skills for Theatre: Developing the Pipeline of Talent,C,2018,false
12880,LLN 2018/0053,2018-05-14,2,European Union (Withdrawal) Bill: Lords Report Stage,E,2018,false
12887,LLN 2018/0054,2018-05-15,2,Domestic Gas and Electricity (Tariff Cap) Bill: Briefing for Lords Stages,D,2018,false
12896,LBP 2018/0052,2018-05-18,2,"Improving the Evacuation, Search and Rescue Plans For Large UK Passenger Ships Operating In Distant Locations",I,2018,false
12897,LLN 2018/0055,2018-05-18,2,"Lords Public Bill Stages: ""That This Bill Do Now Pass""",L,,false
12900,LLN 2018/0056,2018-05-18,2,European Union (Withdrawal) Bill: Summary of Lords Amendments,E,2018,false
12905,LBP 2018/0053,2018-05-21,2,European Union Committee Report: Brexit: Competition and State Aid,E,2018,false
12906,LBP 2018/0054,2018-05-21,2,Future of the Western Balkans,F,2018,false
12913,LLN 2018/0057,2018-05-23,2,Rating (Property in Common Occupation) and Council Tax (Empty Dwellings) Bill: Briefing for Lords Stages,R,2018,false
12915,LLN 2018/0059,2018-05-23,2,Life Peerages Announced Since 1958,L,,false
12915,LLN 2018/0059,2018-05-23,2,Life Peerages Created Since 1958,L,,false
12916,LLN 2018/0058,2018-05-23,2,Proposed UK-EU Security Treaty,P,2018,false
12923,LBP 2018/0055,2018-05-29,2,Commemorating the Contribution of Empire and Commonwealth Troops in World War I,C,2018,false
12929,LBP 2018/0056,2018-06-01,2,European Union Committee Report: 'Brexit: Energy Security',E,2018,false
12930,LBP 2018/0057,2018-06-01,2,Situation in the Palestinian Territories,S,2018,false
12931,LBP 2018/0058,2018-06-01,2,Equality of Opportunity in University Admissions,E,2018,false
12932,LBP 2018/0059,2018-06-01,2,European Union Committee Report: 'Brexit: The Future of Financial Regulation and Supervision',E,2018,false
12933,LLN 2018/0060,2018-06-04,2,Independent Chief Inspector of Borders and Immigration Report: An Inspection of the Vulnerable Persons Resettlement Scheme,I,2018,false
12940,LBP 2018/0060,2018-06-06,2,Serious Violence Strategy,S,2018,false
12943,LLN 2018/0061,2018-06-07,2,"Personal Data, Social Media and Election Campaigns",P,2018,false
12946,LLN 2018/0062,2018-06-08,2,Courts and Tribunals (Judiciary and Functions of Staff) Bill [HL]: Briefing for Lords Stages,C,2018,false
12948,LBP 2018/0061,2018-06-08,2,European Union Committee Report: Operation Sophia: A Failed Mission,E,2018,false
12950,LLN 2018/0063,2018-06-11,2,World Day Against Child Labour: 12 June 2018,W,2018,false
12951,LLN 2018/0064,2018-06-11,2,Impact of ‘Hostile Environment’ Policy,I,2018,false
12958,LBP 2018/0062,2018-06-12,2,150th Anniversary of the First Trade Union Congress,1,2018,false
12963,LLN 2018/0065,2018-06-14,2,International Day for the Elimination of Sexual Violence in Conflict:19 June,I,2018,false
12964,LBP 2018/0063,2018-06-14,2,Population of Bees and Other Pollinators,P,2018,false
12968,LLN 2018/0066,2018-06-14,2,Support for Carers,S,2018,false
12973,LLN 2018/0067,2018-06-15,2,European Union (Withdrawal) Bill: Commons Consideration of Lords Amendments,E,2018,false
12977,LLN 2018/0068,2018-06-18,2,Armed Forces Reserves,A,2018,false
12979,LBP 2018/0064,2018-06-18,2,Trade Relations Following the G7 Summit,T,2018,false
12984,LLN 2018/0069,2018-06-19,2,Assaults on Emergency Workers (Offences) Bill: Briefing for Lords Stages,A,2018,false
12991,LBP 2018/0065,2018-06-20,2,Automatic Workplace Pension Enrolment: 2017 Review,A,2018,false
12993,LLN 2018/0070,2018-06-20,2,Armed Forces Day: 30 June 2018,A,2018,false
12994,LBP 2018/0066,2018-06-21,2,NATO Summit 2018,N,2018,false
12997,LLN 2018/0071,2018-06-21,2,Disability in the UK: Rights and Policy,D,2018,false
12998,LBP 2018/0067,2018-06-21,2,Youth Services in England,Y,2018,false
13001,LBP 2018/0068,2018-06-22,2,Population of Songbirds,P,2018,false
13002,LBP 2018/0069,2018-06-22,2,Situation in Sudan,S,2018,false
13003,LBP 2018/0070,2018-06-22,2,Violence in Nigeria,V,2018,false
13004,LBP 2018/0071,2018-06-22,2,Long-term Rehabilitation for Stroke Survivors,L,2018,false
13005,LBP 2018/0072,2018-06-22,2,Police and Crime Commissioners,P,2018,false
13006,LBP 2018/0073,2018-06-25,2,Priorities for Preventing and Countering Violent Extremism in the Middle East and North Africa,P,2018,false
13007,LBP 2018/0074,2018-06-25,2,International Widows’ Day,I,2018,false
13012,LLN 2018/0072,2018-06-26,2,Parental Bereavement (Leave and Pay) Bill: Briefing for Lords Stages,P,2018,false
13017,LLN 2018/0073,2018-06-26,2,National Health Service: 70th Anniversary,N,2018,false
13020,LBP 2018/0075,2018-06-27,2,Committee on the Natural Environment and Rural Communities Act 2006: The Countryside at a Crossroads,C,2018,false
13022,LLN 2018/0074,2018-06-27,2,Part-time and Continuing Education,P,2018,false
13024,LBP 2018/0076,2018-06-27,2,European Union Committee Report: EU-UK Relations After Brexit,E,2018,false
13025,LBP 2018/0079,2018-06-28,2,Committee on Political Polling and Digital Media Report: The Politics of Polling,C,2018,false
13026,LBP 2018/0077,2018-06-28,2,Brexit: Reciprocal Healthcare,B,2018,false
13027,LBP 2018/0078,2018-06-28,2,Emergency Communications,E,2018,false
13030,LLN 2018/0075,2018-06-29,2,NHS and Integrated Healthcare Services,N,2018,false
13031,LBP 2018/0080,2018-06-29,2,Humanitarian Crisis in South Sudan,H,2018,false
13036,LBP 2018/0081,2018-07-02,2,Funding of Social Care,F,2018,false
13040,LBP 2018/0082,2018-07-03,2,Public Services in Rural Areas,P,,false
13048,LBP 2018/0083,2018-07-04,2,Helicopter Manufacture,H,2018,false
13050,LLN 2018/0076,2018-07-05,2,Crime (Overseas Production Orders) Bill [HL]: Briefing for Lords Stages,C,2018,false
13052,LBP 2018/0084,2018-07-05,2,Promoting Personal Savings,P,2018,false
13053,LBP 2018/0085,2018-07-05,2,Overseas Aid,O,2018,false
13054,LBP 2018/0087,2018-07-05,2,Northern Ireland Budget (No 2) Bill: Briefing for Lords Stages,N,2018,false
13055,LBP 2018/0086,2018-07-05,2,London Declaration on Neglected Tropical Diseases,L,2018,false
13058,LBP 2018/0088,2018-07-06,2,"Gender Recognition and the Lesbian, Gay, Bisexual and Transgender Action Plan",G,2018,false
13067,LLN 2018/0077,2018-07-11,2,Mental Capacity (Amendment) Bill [HL]: Briefing for Lords Stages,M,2018,false
13068,LLN 2018/0078,2018-07-12,2,Ivory Bill: Briefing for Lords Stages,I,2018,false
13069,LLN 2018/0079,2018-07-12,2,Higher Education Exports,H,2018,false
13071,LBP 2018/0089,2018-07-12,2,National Lottery: Arts and Good Causes,N,2018,false
13073,LLN 2018/0080,2018-07-13,2,Referendums and Parliamentary Democracy,R,2018,false
13075,LBP 2018/0090,2018-07-13,2,Action to Combat Obesity,A,2018,false
13077,LLN 2018/0081,2018-07-13,2,Civil Partnership Act 2004 (Amendment) (Sibling Couples) Bill [HL]: Briefing for Lords Stages,C,2018,false
13078,LLN 2018/0082,2018-07-16,2,"European Union (Information, etc.) Bill [HL]: Briefing for Lords Stages",E,2018,false
13081,LLN 2018/0083,2018-07-16,2,Children Act 1989 (Amendment) (Female Genital Mutilation) Bill [HL]: Briefing for Lords Stages,C,2018,false
13083,LLN 2018/0084,2018-07-17,2,Non-Domestic Rating (Nursery Grounds) Bill: Briefing for Lords Stages,N,2018,false
13088,LLN 2018/0085,2018-07-18,2,Brexit Preparations and Negotiations,B,2018,false
13099,LLN 2018/0086,2018-07-25,2,World Day Against Trafficking in Persons: 30 July 2018,W,2018,false
13102,LLN 2018/0087,2018-07-27,2,Leaving the EU: Antimicrobial Resistance,L,2020,false
13112,LBP 2018/0091,2018-08-08,2,Full-time Social Action,F,2018,false
13115,LLN 2018/0088,2018-08-09,2,Mental Health Units (Use of Force) Bill: Briefing for Lords Stages,M,2018,false
13116,LBP 2018/0092,2018-08-09,2,UK Assistance to Afghanistan,U,2018,false
13117,LBP 2018/0093,2018-08-10,2,Women's Centres,W,2018,false
13121,LBP 2018/0094,2018-08-15,2,International Relations Committee Report on the UN General Assembly 2018,I,2018,false
13122,LBP 2018/0095,2018-08-16,2,Genocide and Crimes Against Humanity,G,2018,false
13126,LBP 2018/0096,2018-08-21,2,Decline in the Use of Cash and the “Poverty Premium”,D,2018,false
13127,LBP 2018/0097,2018-08-21,2,Museums and Galleries: Public Access and the Commercial Reuse of Digital Content,M,2018,false
13128,LBP 2018/0098,2018-08-21,2,Northern Ireland: Legacy of the Troubles ,N,2018,false
13130,LBP 2018/0099,2018-08-22,2,Multi-agency Solutions to Homelessness,M,2018,false
13131,LBP 2018/0100,2018-08-22,2,Trends in Addiction in England and Wales,T,2018,false
13139,LLN 2018/0089,2018-08-29,2,Taxation (Cross-border Trade) Bill: Briefing for Lords Stages,T,2018,false
13140,LLN 2018/0090,2018-08-29,2,Trade Bill: Briefing for Lords Stages,T,2018,false
13144,LLN 2018/0091,2018-08-31,2,NHS and Healthcare Data,N,2018,false
13146,LLN 2018/0092,2018-09-03,2,Draft National Policy Statement for Geological Disposal Infrastructure,D,2018,false
13147,LBP 2018/0101,2018-09-03,2,Safety and Rehabilitative Needs of Offenders ,S,2018,false
13148,LLN 2018/0093,2018-09-03,2,Careers Education and Advice,C,2018,false
13151,LLN 2018/0094,2018-09-05,2,In Vitro Fertilisation: 40th Anniversary,I,2018,false
13154,LBP 2018/0102,2018-09-06,2,Antisemitism,A,2018,false
13156,LLN 2018/0095,2018-09-06,2,"Transparency of Lobbying, Non-Party Campaigning and Trade Union Administration Act 2014",T,2018,false
13188,LLN 2018/0096,2018-10-03,2,Tenant Fees Bill: Briefing for Lords Stages,T,2018,false
13189,LLN 2018/0097,2018-10-03,2,Counter-Terrorism and Border Security Bill: Briefing for Lords Stages,C,2018,false
13194,LLN 2018/0098,2018-10-04,2,Leaving the European Union: Impact on the Good Friday Agreement,L,2018,false
13195,LLN 2018/0099,2018-10-04,2,Leaving the European Union: The Arts,L,2018,false
13197,LBP 2018/0103,2018-10-05,2,Employee Participation: Shareholding and Governance,E,2018,false
13200,LLN 2018/0100,2018-10-09,2,Duchy of Cornwall Bill [HL]: Briefing for Lords Stages,D,2018,false
13201,LLN 2018/0103,2018-10-10,2,Music Education in Schools,M,2018,false
13203,LBP 2018/0104,2018-10-10,2,Protection of Property Guardians,P,2018,false
13208,LLN 2018/0101,2018-10-11,2,Life Peerages Created Since 1958,L,,false
13209,LBP 2018/0105,2018-10-11,2,Religious Tolerance in the UK,R,2018,false
13210,LLN 2018/0102,2018-10-11,2,Cyber Security in the United Kingdom,C,2018,false
13211,LBP 2018/0106,2018-10-11,2,European Union Committee Report: Dispute Resolution and Enforcement After Brexit,E,2018,false
13220,LLN 2018/0104,2018-10-15,2,Voyeurism (Offences) (No. 2) Bill: Briefing for Lords Stages,V,2018,false
13221,LLN 2018/0105,2018-10-16,2,Health and Social Care (National Data Guardian) Bill: Briefing for Lords Stages,H,2018,false
13222,LBP 2018/0107,2018-10-16,2,Science and Technology Committee Report: Life Sciences Industrial Strategy: Who’s Driving the Bus?,S,2018,false
13226,LLN 2018/0106,2018-10-16,2,Prisons (Interference with Wireless Telegraphy) Bill: Briefing for Lords Stages,P,2018,false
13230,LLN 2018/0107,2018-10-19,2,Case for a Referendum on the Outcome of EU Withdrawal Negotiations,C,2018,false
13231,LBP 2018/0108,2018-10-19,2,International Solar Alliance,I,2018,false
13235,LLN 2018/0108,2018-10-22,2,Affordable Housing,A,2018,false
13237,LBP 2018/0109,2018-10-22,2,Seasonal Time Changes,S,2018,false
13240,LBP 2018/0110,2018-10-23,2,Ofcom Chair and Deputy Chair: Regulatory Role and Parliamentary Duties,O,2018,false
13246,LLN 2018/0109,2018-10-24,2,Race Relations Act 1968: 50th Anniversary,R,2018,false
13251,LLN 2018/0110,2018-10-25,2,Early Intervention in Children’s Lives,E,2018,false
13252,LLN 2018/0111,2018-10-25,2,Welfare Changes: Impact on Family Life,W,2018,false
13254,LBP 2018/0111,2018-10-25,2,Extradition Treaty: UK and the State of Kuwait,E,2018,false
13255,LBP 2018/0112,2018-10-25,2,Northern Ireland (Executive Formation and Exercise of Functions) Bill ,N,2018,false
13258,LBP 2018/0113,2018-10-26,2,Type 1 Diabetes: New Technologies  ,T,2018,false
13259,LBP 2018/0114,2018-10-26,2,Gambling Addiction ,G,2018,false
13265,LLN 2018/0112,2018-10-30,2,Armistice of November 1918: Centenary,A,2018,false
13278,LBP 2018/0115,2018-11-06,2,Safeguarding the Human Rights of the English-speaking Minority in Cameroon,S,2018,false
13279,LLN 2018/0113,2018-11-06,2,Foreign Language Skills: Trends and Developments,F,2018,false
13281,LLN 2018/0114,2018-11-07,2,Budget 2018,B,2018,false
13282,LLN 2018/0115,2018-11-07,2,Publishing Government Legal Advice,P,2018,false
13283,LBP 2018/0116,2018-11-07,2,Social Media: Duty of Care and Statutory Regulator,S,2018,false
13285,LLN 2018/0116,2018-11-08,2,Plastic Pollution and Recycling,P,2018,false
13286,LLN 2018/0117,2018-11-08,2,World Diabetes Day: 14 November 2018,W,2018,false
13289,LLN 2018/0118,2018-11-08,2,Veterans Strategy: Background to Government Policy,V,2018,false
13290,LLN 2018/0119,2018-11-08,2,"Water Sanitation: World Toilet Day, 19 November 2018",W,2018,false
13293,LBP 2018/0117,2018-11-09,2,Conflict in Yemen,C,2018,false
13295,LLN 2018/0120,2018-11-13,2,Galileo Satellite System,G,2018,false
13296,LBP 2018/0118,2018-11-13,2,Artificial Intelligence,A,2018,false
13299,LBP 2018/0119,2018-11-13,2,Citizenship and Civic Engagement Committee Report: 'The Ties that Bind: Citizenship and Civic Engagement in the 21st Century',C,2018,false
13303,LLN 2018/0121,2018-11-14,2,Homes (Fitness for Human Habitation) Bill: Briefing for Lords Stages,H,2018,false
13304,LLN 2018/0122,2018-11-14,2,Displaced Children,D,2018,false
13305,LLN 2018/0123,2018-11-14,2,Organ Donation (Deemed Consent) Bill: Briefing for Lords Stages,O,2018,false
13307,LBP 2018/0120,2018-11-14,2,Veterans Strategy,V,2018,false
13308,LLN 2018/0124,2018-11-15,2,UN Sustainable Development Goals: Integration into UK Policy,U,2018,false
13309,LBP 2018/0121,2018-11-15,2,Prime Minister's Statement on EU Exit Negotiations,P,2018,false
13315,LBP 2018/0122,2018-11-16,2,Asylum and Religious Persecution,A,2018,false
13317,LLN 2018/0125,2018-11-20,2,UK Trade by Country and Commodity or Service,U,2018,false
13320,LBP 2018/0123,2018-11-20,2,80th Anniversary of Kindertransport,8,2018,false
13321,LLN 2018/0127,2018-11-21,2,School Funding in England,S,2018,false
13325,LLN 2018/0126,2018-11-21,2,Violent Crime: Government Strategy,V,2018,false
13333,LLN 2018/0128,2018-11-23,2,International Day for the Elimination of Violence Against Women: 25 November 2018,I,2018,false
13334,LLN 2018/0129,2018-11-23,2,Hereditary by-elections: Results,H,2025,false
13334,LLN 2018/0129,2018-11-23,2,Hereditary by-elections: Results,H,2025,false
13336,LLN 2018/0130,2018-11-26,2,International Day for the Abolition of Slavery: 2 December 2018,I,2018,false
13337,LLN 2018/0131,2018-11-26,2,"World AIDS Day, 1 December 2018",W,2018,false
13340,LBP 2018/0124,2018-11-27,2,Image and Performance Enhancing Drugs in Amateur and Junior Sport,I,2018,false
13343,LLN 2018/0132,2018-11-28,2,Women in the Lords: Viscountess Rhondda Peerage Case,W,2018,false
13348,LLN 2018/0134,2018-11-29,2,Financial Services (Implementation of Legislation) Bill [HL]: Briefing for Lords Stages,F,2018,false
13352,LLN 2018/0133,2018-11-29,2,"Reconciliation in British Foreign, Defence and International Development Policy",R,2018,false
13354,LLN 2018/0135,2018-11-30,2,Withdrawal Agreement: Section 13(1)(c) of the European Union (Withdrawal) Act 2018,W,2018,false
13365,LLN 2018/0136,2018-12-06,2,Human Rights Day: 10 December 2018,H,2018,false
13369,LLN 2018/0137,2018-12-06,2,Challenges Facing Young People,C,2018,false
13370,LBP 2018/0125,2018-12-06,2,Science and Technology Committee Report: Off–site Manufacture for Construction,S,2018,false
13371,LBP 2018/0126,2018-12-06,2,250th Anniversary of the Royal Academy,2,2018,false
13372,LLN 2018/0138,2018-12-06,2,Constitutional Issues and the Case for a UK-wide Constitutional Convention,C,2018,false
13373,LBP 2018/0127,2018-12-07,2,Strategy for Disability Inclusive Development,S,2018,false
13378,LLN 2018/0139,2018-12-11,2,Adjournment of the House of Lords Debate on the Withdrawal Agreement and Political Declaration,A,2018,false
13381,LLN 2018/0143,2018-12-12,2,Offensive Weapons Bill: Briefing for Lords Stages,O,2018,false
13382,LBP 2018/0128,2018-12-12,2,Dismissal of Terminally Ill Workers,D,2018,false
13383,LBP 2018/0129,2018-12-12,2,Gas Safety in Homes,G,2018,false
13386,LLN 2018/0141,2018-12-13,2,Independent Inquiry into Child Sexual Abuse,I,2018,false
13387,LLN 2018/0145,2018-12-13,2,Stalking Protection Bill: Briefing for Lords Stages,S,2018,false
13389,LLN 2018/0140,2018-12-13,2,"Sport, Recreation and the Arts",S,2018,false
13391,LBP 2018/0130,2018-12-13,2,"Commission on Religious Education, Religion and Worldviews: The Way Forward",C,2018,false
13392,LBP 2018/0131,2018-12-13,2,Situation in Ukraine: December 2018,S,2022,false
13392,LBP 2018/0131,2018-12-13,2,Situation in Ukraine: December 2018,S,2022,false
13394,LBP 2018/0132,2018-12-14,2,Naval Shipbuilding,N,2018,false
13395,LLN 2018/0142,2018-12-14,2,Islamophobia in the UK,I,2018,false
13402,LLN 2018/0144,2018-12-20,2,Probation Services: Reforms and Proposed Future Changes,P,2018,false
13404,LLN 2018/0146,2018-12-20,2,Parking (Code of Practice) Bill: Briefing for Lords Stages,P,2019,false
13407,LLN 2018/0147,2018-12-21,2,Leaving the European Union: Stability of the United Kingdom’s Union,L,2018,false
13411,LBP 2019/0001,2019-01-03,2,Adolescent Girls in Fragile and Conflict-affected Countries,A,2019,false
13412,LLN 2019/0001,2019-01-03,2,Free Schools: Contribution to Improving Educational Standards,F,2019,false
13413,LLN 2019/0002,2019-01-04,2,Withdrawal Agreement: Section 13(1)(c) of the European Union (Withdrawal) Act 2018,W,2019,false
13415,LBP 2019/0002,2019-01-07,2,The Western Balkans,T,2019,false
13418,LLN 2019/0003,2019-01-09,2,Impact of Technology on the Health and Wellbeing of Children and Young People,I,2019,false
13420,LBP 2019/0003,2019-01-09,2,European Union Committee Report: Brexit: The Proposed UK-EU Security Treaty,E,2019,false
13421,LBP 2019/0004,2019-01-09,2,European Union Committee Report: Brexit: Will Consumers Be Protected?,E,2019,false
13423,LBP 2019/0005,2019-01-10,2,Economic Affairs Committee Report: Treating Students Fairly,E,2019,false
13424,LBP 2019/0006,2019-01-11,2,Legislation to Enable a Further Referendum on Brexit,L,2019,false
13425,LLN 2019/0004,2019-01-11,2,"Civil Partnerships, Marriages and Deaths (Registration Etc.) Bill: Briefing for Lords Stages",C,2019,false
13428,LBP 2019/0007,2019-01-15,2,Measuring Poverty in the UK,M,2019,false
13435,LLN 2019/0006,2019-01-17,2,Local Authority Provision of Essential Services,L,2019,false
13436,LLN 2019/0005,2019-01-17,2,Threats Presented by Climate Change,T,2019,false
13439,LBP 2019/0008,2019-01-18,2,Philippines: Social and Human Rights,P,2019,false
13441,LBP 2019/0009,2019-01-18,2,Post-Brexit Immigration Policy and Recruitment of Modern Foreign Language Teachers and Public Service Interpreters,P,2019,false
13452,LLN 2019/0007,2019-01-23,2,Finance (No. 3) Bill: Briefing for Lords Stages,F,2019,false
13453,LLN 2019/0012,2019-01-23,2,Size of the House of Lords: Recent Developments,S,2019,false
13454,LLN 2019/0009,2019-01-23,2,Social Housing: Case for Increased Provision,S,2019,false
13455,LLN 2019/0013,2019-01-23,2,"World Cancer Day, 4 February 2019",W,2019,false
13459,LLN 2019/0008,2019-01-24,2,Further Debate for the Purposes of Section 13 of the European Union (Withdrawal) Act 2018,F,2019,false
13463,LBP 2019/0010,2019-01-25,2,Access to NHS Treatments for Children and Young People with Mental Health Problems,A,2019,false
13464,LBP 2019/0011,2019-01-25,2,NHS England Long Term Plan,N,,false
13465,LLN 2019/0010,2019-01-25,2,NHS England Long Term Plan,N,2020,false
13466,LLN 2019/0011,2019-01-25,2,Holocaust Memorial Day: 27 January 2019,H,2019,false
13467,LBP 2019/0012,2019-01-25,2,Situation in Zimbabwe,S,2019,false
13476,LBP 2019/0013,2019-01-30,2,UN Resolutions: Sri Lanka,U,2019,false
13481,LLN 2019/0014,2019-01-31,2,Healthcare (International Arrangements) Bill: Briefing for Lords Stages,H,2019,false
13482,LLN 2019/0016,2019-01-31,2,International Day of Zero Tolerance for Female Genital Mutilation: 6 February 2019,I,2019,false
13485,LLN 2019/0015,2019-01-31,2,Leaving the European Union: Recent Developments and Debates under Section 13 of the European Union (Withdrawal) Act 2018,L,2019,false
13504,LLN 2019/0017,2019-02-07,2,Citizens’ Assemblies: An Introductory Guide,C,2019,false
13508,LBP 2019/0014,2019-02-08,2,Immigration Procedures,I,2019,false
13509,LLN 2019/0018,2019-02-08,2,International Day of Women and Girls in Science: 11 February 2019,I,2019,false
13510,LLN 2019/0019,2019-02-08,2,Further Take-Note Debate on EU Withdrawal,F,2019,false
13517,LBP 2019/0015,2019-02-13,2,Ongoing Brexit Discussions with the European Union,O,2019,false
13524,LBP 2019/0016,2019-02-14,2,Amritsar Massacre: 100th Anniversary,A,2019,false
13529,LLN 2019/0020,2019-02-15,2,NATO: 70th Anniversary,N,2019,false
13533,LLN 2019/0026,2019-02-18,2,International Women's Day: Briefing for Lords Debate,I,2022,false
13534,LLN 2019/0021,2019-02-18,2,Work of the House of Lords,W,2019,false
13538,LLN 2019/0024,2019-02-19,2,Safety of Medicines and Medical Devices,S,2019,false
13544,LLN 2019/0022,2019-02-20,2,Animal Welfare (Service Animals) Bill: Briefing for Lords Stages,A,2019,false
13546,LLN 2019/0023,2019-02-21,2,Further Article 50 Discussions with the EU,F,2019,false
13550,LBP 2019/0017,2019-02-22,2,Search and Rescue Services,S,2019,false
13551,LLN 2019/0025,2019-02-22,2,Anonymity (Arrested Persons) Bill [HL]: Briefing for Lords Stages,A,2019,false
13559,LBP 2019/0018,2019-02-27,2,Further Brexit Discussions with the European Union,F,2019,false
13566,LBP 2019/0019,2019-03-01,2,Children: Swimming and Life-saving Skills,C,2019,false
13575,LLN 2019/0029,2019-03-06,2,English Channel Migrant Boat Crossings,E,2019,false
13576,LLN 2019/0027,2019-03-06,2,Lord Constantine (1901–1971): Profile,L,2019,false
13580,LBP 2019/0020,2019-03-07,2,Bahrain: Human Rights,B,2019,false
13582,LLN 2019/0028,2019-03-07,2,Brexit: Recent Developments,B,2019,false
13583,LBP 2019/0021,2019-03-07,2,Northern Ireland (Regional Rates and Energy) (No 2) Bill,N,2019,false
13584,LBP 2019/0022,2019-03-07,2,Northern Ireland (Anticipation and Adjustments) (No 2) Bill (Money Bill),N,2019,false
13587,LLN 2019/0030,2019-03-11,2,Cohabitation Rights Bill [HL]: Briefing for Lords Stages,C,2019,false
13601,LLN 2019/0031,2019-03-14,2,Spring Statement 2019: Briefing for Lords Debate,S,2019,false
13607,LLN 2019/0033,2019-03-19,2,Seasonal Time Changes: Recent Developments,S,2019,false
13609,LLN 2019/0034,2019-03-19,2,"Civil Contingencies, Emergency Powers and No-Deal Brexit",C,2019,false
13610,LLN 2019/0032,2019-03-19,2,International Day for the Elimination of Racial Discrimination: 21 March 2019,I,2019,false
13612,LLN 2019/0035,2019-03-21,2,Government Defeats in the House of Lords on Delegated Legislation,G,2019,false
13613,LBP 2019/0023,2019-03-21,2,The Commonwealth,T,2019,false
13614,LLN 2019/0036,2019-03-21,2,Brexit: Further Recent Developments,B,2019,false
13618,LBP 2019/0024,2019-03-22,2,Brexit: Debate under Section 13(6)(b) of the European Union (Withdrawal) Act 2018,B,2019,false
13622,LLN 2019/0037,2019-03-25,2,Autism: Assistive Technology,A,2019,false
13623,LLN 2019/0038,2019-03-26,2,Extending Article 50: European Union (Withdrawal) Act 2018 (Exit Day) (Amendment) Regulations 2019,E,2019,false
13624,LBP 2019/0025,2019-03-26,2,International Relations Committee Report: Yemen: Giving Peace a Chance,I,2019,false
13625,LBP 2019/0026,2019-03-26,2,Climate Change Emergency,C,2019,false
13626,LBP 2019/0027,2019-03-26,2,European Union Committee Report: 'Brexit: The Erasmus and Horizon Programmes',E,2019,false
13627,LBP 2019/0028,2019-03-26,2,European Union Committee Report: Brexit: The Customs Challenge,E,2019,false
13628,LLN 2019/0039,2019-03-26,2,Tariffs: Theory and Practice,T,2019,false
13630,LBP 2019/0029,2019-03-27,2,Historic Rights of Way,H,2019,false
13631,LBP 2019/0030,2019-03-27,2,Development Aid: Anti-corruption Measures,D,2019,false
13635,LBP 2019/0031,2019-03-27,2,International Mechanisms to Hold Perpetrators of Sexual Violence to Account,I,2019,false
13638,LBP 2019/0032,2019-03-28,2,Communications Committee Report: UK Advertising in a Digital Age,C,2019,false
13639,LBP 2019/0033,2019-03-28,2,European Union Committee Report: Brexit: Food Prices and Availability,E,2019,false
13640,LBP 2019/0034,2019-03-28,2,Economic Affairs Committee Reports: Taxation Policy,E,2019,false
13646,LLN 2019/0040,2019-03-29,2,Brexit and Delegated Legislation,B,2019,false
13652,LLN 2019/0041,2019-04-03,2,International Day of UN Peacekeepers: 29 May 2019,I,2019,false
13653,LBP 2019/0041,2019-04-04,2,Climate Change: Government’s Legal Responsibilities,C,2019,false
13654,LLN 2019/0042,2019-04-04,2,European Union (Withdrawal) (No. 5) Bill: Summary of Commons Stages,E,2019,false
13658,LBP 2019/0035,2019-04-04,2,Economic Assessments for the European Union,E,2019,false
13659,LBP 2019/0036,2019-04-04,2,Construction Sector: Modernisation and Sustainable Housing Supply,C,2019,false
13661,LBP 2019/0037,2019-04-05,2,Draft National Policy Statement for Water Resources Infrastructure 2018,D,2019,false
13670,LLN 2019/0043,2019-04-09,2,House of Lords: Backgrounds in Public Life—April 2019,H,2019,false
13671,LLN 2019/0044,2019-04-09,2,Intellectual Property and Sport,I,2019,false
13676,LLN 2019/0045,2019-04-12,2,World Press Freedom Day: 3 May 2019,W,,false
13678,LLN 2019/0046,2019-04-15,2,Party Policies on Europe at General Elections Since 1970,P,2019,false
13683,LLN 2019/0047,2019-04-18,2,Official Secrets Act 1989: Disclosure of Official Information,O,2019,false
13685,LLN 2019/0048,2019-04-18,2,Earth Day: Threatened and Endangered Species,E,2019,false
13686,LLN 2019/0049,2019-04-18,2,Tackling Malaria in 2019: Progress Update,T,2019,false
13694,LLN 2019/0050,2019-04-25,2,Regulating the Internet: Online Harms White Paper,R,2019,false
13696,LBP 2019/0038,2019-04-25,2,Police and Crime Commissioners,P,2019,false
13699,LBP 2019/0039,2019-04-25,2,Infrastructure Needs of London Stansted Cambridge 'Innovation Corridor',I,2019,false
13701,LBP 2019/0040,2019-04-25,2,Student Loans Company: Governance and Performance,S,2019,false
13704,LBP 2019/0042,2019-04-26,2,Antimicrobial Resistance,A,2019,false
13708,LLN 2019/0051,2019-04-29,2,Holocaust (Return of Cultural Objects) (Amendment) Bill: Briefing for Lords Stages,H,2019,false
13714,LLN 2019/0052,2019-05-01,2,Kew Gardens (Leases) (No. 3) Bill [HL]: Briefing for Lords Stages,K,2019,false
13716,LBP 2019/0043,2019-05-02,2,Treatment of Atrial Fibrillation,T,2019,false
13723,LBP 2019/0044,2019-05-02,2,Public Life: Conduct of Debate and Divisions in Society,P,2019,false
13723,LBP 2019/0044,2019-05-02,2,Public Life: Conduct of Debate and Divisions in Society,P,2019,false
13724,LBP 2019/0045,2019-05-03,2,Issues Facing People with Disabilities and the Potential for Improved Treatment and Outcomes in the Next 50 Years,I,2019,false
13725,LBP 2019/0046,2019-05-03,2,Governance of English Football,G,2019,false
13727,LBP 2019/0047,2019-05-03,2,Competition and Markets Authority: Proposed Reforms,C,2019,false
13729,LBP 2019/0048,2019-05-07,2,Wild Salmon Stocks in the United Kingdom,W,2019,false
13730,LBP 2019/0049,2019-05-07,2,Grooming Gangs,G,2019,false
13733,LLN 2019/0053,2019-05-08,2,Rivers Authorities and Land Drainage Bill: Briefing for Lords Stages,R,2019,false
13734,LLN 2019/0054,2019-05-08,2,Census (Return Particulars and Removal of Penalties) Bill [HL]: Briefing for Lords Stages,C,2019,false
13734,LLN 2019/0054,2019-05-08,2,Census (Return Particulars and Removal of Penalties) Bill [HL]: Briefing for Lords Stages,C,2019,false
13737,LBP 2019/0050,2019-05-08,2,Measures to Curb Attacks on Journalists,M,2019,false
13739,LBP 2019/0051,2019-05-08,2,Uptake of Vaccinations and Health Screening Services,U,2020,false
13741,LBP 2019/0052,2019-05-09,2,Educational Attainment of Adopted Children,E,2019,false
13742,LBP 2019/0053,2019-05-09,2,International Relations Committee Report: UK Foreign Policy in a Shifting World Order,I,2019,false
13743,LBP 2019/0054,2019-05-09,2,European Union Committee Report: Brexit: Movement of People in the Cultural Sector,E,2019,false
13743,LBP 2019/0054,2019-05-09,2,European Union Committee Report: Brexit: Movement of People in the Cultural Sector,E,2019,false
13744,LLN 2019/0055,2019-05-09,2,Courts and Tribunals (Online Procedure) Bill [HL]: Briefing for Lords Stages,C,2019,false
13746,LLN 2019/0056,2019-05-09,2,Equality of Opportunity and Quality of Life for Young People,E,2019,false
13753,LBP 2019/0055,2019-05-10,2,European Union Committee Report: Brexit: Plant and Animal Biosecurity,E,2019,false
13754,LBP 2019/0056,2019-05-10,2,Mental Health of Children and Young People,M,2019,false
13755,LBP 2019/0057,2019-05-10,2,European Union Committee Report: Brexit: Common Security and Defence Policy Missions and Operations,E,2019,false
13757,LLN 2019/0057,2019-05-13,2,Earnings: A Long-run Perspective,E,2019,false
13765,LLN 2019/0058,2019-05-15,2,Parliamentary Freedom of Speech and the Rule of Law,P,2019,false
13766,LBP 2019/0058,2019-05-15,2,Devolution in the UK: 20th Anniversary,D,2019,false
13770,LLN 2019/0059,2019-05-16,2,Public Procurement: Social Value and the Government’s Civil Society Strategy,P,2019,false
13777,LLN 2019/0060,2019-05-20,2,D-Day and the Battle of Normandy: 75th Anniversary,D,2019,false
13781,LLN 2019/0061,2019-05-21,2,Knife Crime: Policy and Causes,K,2019,false
13786,LBP 2019/0059,2019-05-22,2,Tidal Ranges,T,2019,false
13790,LBP 2019/0060,2019-05-23,2,Young People and Heritage Railways,Y,2019,false
13796,LLN 2019/0062,2019-05-29,2,Non-Domestic Rating (Preparation for Digital Services) Bill: Briefing for Lords Stages,N,2019,false
13797,LLN 2019/0063,2019-05-29,2,Sentencing (Pre-consolidation Amendments) Bill [HL]: Briefing for Lords Stages,S,2019,false
13798,LLN 2019/0064,2019-05-29,2,Employment: Statistics and Government Policy,E,2019,false
13799,LLN 2019/0066,2019-05-29,2,Forestry Act 1919: 100 Years,F,2019,false
13802,LLN 2019/0065,2019-05-31,2,Support Available to Victims of Domestic Violence and Abuse,S,2019,false
13805,LBP 2019/0061,2019-05-31,2,Learning Disabilities and Complex Needs,L,2019,false
13809,LLN 2019/0067,2019-06-05,2,Inequality and Poverty in the UK,I,2019,false
13809,LLN 2019/0067,2019-06-05,2,Inequality and Poverty in the UK,I,2019,false
13810,LLN 2019/0068,2019-06-05,2,Access to Palliative Care Bill [HL]: Briefing for Lords Stages,A,2019,false
13812,LBP 2019/0062,2019-06-05,2,Theatre Accessibility,T,2019,false
13813,LBP 2019/0063,2019-06-05,2,Vehicle Emissions: Protection of Children,V,2019,false
13815,LBP 2019/0064,2019-06-05,2,Constitution Committee Reports on the Legislative Process,C,2019,false
13816,LBP 2019/0065,2019-06-05,2,Referendums and Democracy,R,2019,false
13817,LBP 2019/0066,2019-06-06,2,Communications Committee Report: Regulating in a Digital World,C,2019,false
13824,LLN 2019/0069,2019-06-06,2,Free Public Transport and TV Licences for Older People,F,2019,false
13825,LLN 2019/0070,2019-06-07,2,Domestic Abuse and the Family Courts: Recent Developments,D,2019,false
13828,LLN 2019/0071,2019-06-07,2,Resignation Honours: Peerage Creations since 1958,R,,false
13835,LLN 2019/0072,2019-06-11,2,Wild Animals in Circuses (No. 2) Bill: Briefing for Lords Stages,W,2019,false
13837,LLN 2019/0073,2019-06-11,2,International Widows’ Day,I,2019,false
13840,LBP 2019/0067,2019-06-12,2,Cadets,C,2019,false
13841,LLN 2019/0074,2019-06-12,2,Global Gender Equality and Health,G,2019,false
13844,LLN 2019/0075,2019-06-13,2,Incidence of Antisemitism Worldwide,I,2019,false
13845,LLN 2019/0076,2019-06-13,2,Protecting and Representing Future Generations in Policymaking,P,2019,false
13852,LLN 2019/0077,2019-06-14,2,Birmingham Commonwealth Games Bill [HL]: Briefing for Lords Stages,B,2019,false
13858,LBP 2019/0068,2019-06-18,2,Public Bodies: Diversity on Boards,P,2019,false
13863,LLN 2019/0078,2019-06-18,2,Lords Membership: Lists of Current and Former Female Peers,L,,false
13864,LLN 2019/0079,2019-06-18,2,Treaty of Versailles: 100th Anniversary,T,2019,false
13866,LLN 2019/0080,2019-06-19,2,National Insurance Contributions (Termination Awards and Sporting Testimonials) Bill: Briefing for Lords Stages,N,2019,false
13872,LLN 2019/0081,2019-06-20,2,Changes to Benefits: Impact on Vulnerable People,C,2019,false
13874,LLN 2019/0082,2019-06-20,2,Knife Crime: Government Policy,K,2019,false
13875,LBP 2019/0069,2019-06-20,2,Financial Conduct Authority: Report on RBS GRG,F,2019,false
13881,LBP 2019/0070,2019-06-24,2,Augar Review of Post-18 Education and Funding,A,2019,false
13884,LBP 2019/0072,2019-06-25,2,Economic Affairs Committee Report: Measuring Inflation,E,2019,false
13885,LBP 2019/0071,2019-06-25,2,Regenerating Seaside Towns and Communities Committee Report: The Future of Seaside Towns,R,2019,false
13886,LBP 2019/0073,2019-06-25,2,Wreck of the SS Richard Montgomery: Mitigating Risks,W,2019,false
13889,LBP 2019/0074,2019-06-26,2,Information on Major Infrastructure Projects,I,2019,false
13891,LLN 2019/0083,2019-06-26,2,NHS and Future Trade Deals,N,2019,false
13892,LBP 2019/0075,2019-06-26,2,UK Aid Programmes: Human Rights in Pakistan,U,2019,false
13893,LBP 2019/0076,2019-06-26,2,European Union-Western Balkans: Future Enlargement,E,2019,false
13894,LBP 2019/0077,2019-06-26,2,Academic Health Science Centres,A,2019,false
13896,LLN 2019/0084,2019-06-27,2,Non-Domestic Rating (Public Lavatories) Bill [HL]: Briefing for Lords Stages,N,2019,false
13896,LLN 2019/0084,2019-06-27,2,Non-Domestic Rating (Public Lavatories) Bill [HL]: Briefing for Lords Stages,N,2019,false
13900,LBP 2019/0078,2019-06-27,2,Proposal for Joint Committee on the Costs and Implications for the UK of a No-Deal Brexit on 31 October 2019,P,2019,false
13901,LLN 2019/0085,2019-06-27,2,Apprenticeship Levy and Workplace Opportunities for Young People,A,2019,false
13903,LBP 2019/0079,2019-06-28,2,"Job Security, Inequality and Mental Illness",J,2019,false
13909,LLN 2019/0086,2019-07-01,2,Parliamentary Buildings (Restoration and Renewal) Bill: Briefing for Lords Stages,P,2019,false
13919,LBP 2019/0080,2019-07-03,2,Sustainable Development Goals,S,2019,false
13920,LBP 2019/0081,2019-07-03,2,Children’s Experiences of the Hostile Environment,C,2019,false
13922,LBP 2019/0082,2019-07-03,2,G20 Summit,G,2019,false
13926,LBP 2019/0083,2019-07-04,2,Church of England’s Social Media Community Guidelines,C,2019,false
13929,LLN 2019/0087,2019-07-04,2,People of Faith: Persecution in the 21st Century,P,2019,false
13935,LLN 2019/0088,2019-07-05,2,Encouraging Business Growth and Job Creation,E,2019,false
13941,LBP 2019/0084,2019-07-09,2,Apollo Moon Landing: 50th Anniversary,A,2019,false
13942,LBP 2019/0085,2019-07-09,2,Crown Prosecution Service: Rape Cases and Guidance,C,2019,false
13943,LLN 2019/0089,2019-07-09,2,Northern Ireland (Executive Formation) Bill: Briefing for Lords Stages,N,2019,false
13943,LLN 2019/0089,2019-07-09,2,Northern Ireland (Executive Formation) Bill: Briefing for Lords Stages,N,2019,false
13949,LBP 2019/0086,2019-07-10,2,Devolution to English Cities,D,2019,false
13950,LBP 2019/0087,2019-07-10,2,European Union Committee Report: Brexit: the European Investment Bank,E,2019,false
13951,LBP 2019/0088,2019-07-10,2,"International Relations Committee Report: Rising Nuclear Risk, Disarmament and the Nuclear Non-Proliferation Treaty",I,2019,false
13954,LBP 2019/0089,2019-07-11,2,Peace to Prosperity: United States Plan for Palestine,P,2019,false
13956,LLN 2019/0090,2019-07-11,2,Funding of Public Services for Young Adults,F,2019,false
13958,LLN 2019/0091,2019-07-11,2,"Trade Unions, Collective Action and the 100th Anniversary of the International Labour Organization",T,2019,false
13960,LLN 2019/0092,2019-07-12,2,EEA Nationals (Indefinite Leave to Remain) Bill [HL]: Briefing for Lords Stages,E,2019,false
13963,LLN 2019/0093,2019-07-12,2,"Victims of Crime (Rights, Entitlements, and Notification of Child Sexual Abuse) Bill [HL]: Briefing for Lords Stages",V,2019,false
13964,LLN 2019/0094,2019-07-12,2,Extension of Franchise (House of Lords) Bill [HL]: Briefing for Lords Stages,E,2019,false
13967,LBP 2019/0090,2019-07-16,2,Council of Europe: Contribution of Lords Members,C,2019,false
13967,LBP 2019/0090,2019-07-16,2,Council of Europe: Contribution of Lords Members,C,2019,false
13970,LBP 2019/0091,2019-07-16,2,Freedom of Information Act 2000: Extending to Contractors and Other Organisations Exercising Public Functions,F,2019,false
13971,LLN 2019/0096,2019-07-17,2,NHS Dentistry Services,N,2019,false
13972,LBP 2019/0092,2019-07-18,2,Disclosure and Publication of Confidential Messages from Sir Kim Darroch,D,2019,false
13975,LLN 2019/0095,2019-07-18,2,Women in the Criminal Justice System,W,2019,false
13979,LLN 2019/0097,2019-07-19,2,Combatting Hepatitis B and C: Elimination by 2030?,C,2019,false
13986,LLN 2019/0098,2019-07-23,2,UN World Day Against Trafficking in Persons,U,2019,false
13987,LLN 2019/0102,2019-07-23,2,Native Trees: Pests and Diseases (debate on 5 September 2019),N,2022,false
13987,LLN 2019/0102,2019-07-23,2,Native Trees: Pests and Diseases (debate on 5 September 2019),N,2022,false
13988,LLN 2019/0099,2019-07-23,2,Legal Aid and Advice Act 1949: 70th Anniversary,L,2019,false
13991,LLN 2019/0100,2019-07-25,2,Impact of the House of Lords: Analysis of Parliamentary Session 2016–17,I,2019,false
13993,LLN 2019/0101,2019-07-25,2,Managing Offenders: A New Model of Probation,M,2019,false
13994,LLN 2019/0103,2019-07-29,2,Obscene Publications Act 1959: 60th Anniversary,O,2019,false
13998,LLN 2019/0104,2019-08-01,2,Britain and the Transatlantic Slave Trade,B,2019,false
14002,LLN 2019/0105,2019-08-05,2,Indigenous Languages: Are They in Danger?,I,2019,false
14015,LLN 2019/0107,2019-08-14,2,Non-Domestic Rating (Lists) Bill: Briefing for Lords Stages,N,2019,false
14016,LLN 2019/0106,2019-08-14,2,High Speed Rail (West Midlands–Crewe) Bill: Briefing for Lords Stages,H,2019,false
14018,LLN 2019/0108,2019-08-27,2,Intelligence and Security Committee of Parliament: Recent Work,I,2019,false
14019,LLN 2019/0109,2019-08-28,2,Parliamentary Commission on Banking Standards,P,2019,false
14025,LLN 2019/0110,2019-08-30,2,House of Lords Rural Economy Committee Report: Time for a Strategy for the Rural Economy,H,2019,false
14029,LLN 2019/0111,2019-09-02,2,Lengths of prorogation since 1900,L,2024,false
14029,LLN 2019/0111,2019-09-02,2,Lengths of prorogation since 1900,L,2024,false
14029,LLN 2019/0111,2019-09-02,2,Lengths of prorogation since 1900,L,2024,false
14031,LLN 2019/0112,2019-09-03,2,Policing Resources Bill [HL]: Briefing for Lords Stages,P,2019,false
14032,LLN 2019/0113,2019-09-03,2,Battle of Arnhem: 75th Anniversary,B,2019,false
14034,LLN 2019/0114,2019-09-04,2,Gambling-related Harm,G,2019,false
14038,LLN 2019/0115,2019-09-05,2,European Union (Withdrawal) (No. 6) Bill: Briefing for Lords Stages,E,2019,false
14040,LLN 2019/0116,2019-09-05,2,International Day of Sign Languages,I,2019,false
14042,LLN 2019/0117,2019-09-05,2,Human Rights and Trade Deals,H,2019,false
14043,LLN 2019/0118,2019-09-05,2,All-Party Parliamentary Group for Adoption and Permanence: Report on Adoption Support Fund,A,,false
14047,LLN 2019/0119,2019-09-11,2,World Alzheimer's Day,W,2019,false
14057,LLN 2019/0120,2019-09-19,2,"Queen’s Speech: Lords Movers and Seconders, 1997-2017",Q,,false
14058,LLN 2019/0121,2019-09-19,2,Life Peers Created by Prime Minister,L,2019,false
14069,LLN 2019/0122,2019-09-27,2,UK’s Withdrawal from the EU,U,2020,false
14069,LLN 2019/0122,2019-09-27,2,UK’s Withdrawal from the EU,U,2020,false
14071,LLN 2019/0123,2019-09-30,2,United Nations Day: The UK and the UN,U,2019,false
14072,LLN 2019/0124,2019-09-30,2,Suicide in the UK: Statistics and Prevention Strategies,S,2019,false
14080,LLN 2019/0125,2019-10-02,2,Select Committees in the House of Lords,S,2020,false
14088,LLN 2019/0126,2019-10-09,2,Queen's Speech: Debate in the House of Lords Days 1 and 2,Q,2019,false
14089,LLN 2019/0127,2019-10-09,2,Queen's Speech: Debate in the House of Lords Day 3,Q,2019,false
14090,LLN 2019/0128,2019-10-09,2,Queen's Speech: Debate in the House of Lords Day 4,Q,2019,false
14091,LLN 2019/0129,2019-10-09,2,Queen’s Speech: Debate in the House of Lords Day 5,Q,2019,false
14098,LLN 2019/0130,2019-10-14,2,Section 3(5) of the Northern Ireland (Executive Formation etc) Act 2019: 9 October 2019 Report,S,2020,false
14098,LLN 2019/0130,2019-10-14,2,Section 3(5) of the Northern Ireland (Executive Formation etc) Act 2019: 9 October 2019 Report,S,2020,false
14098,LLN 2019/0130,2019-10-14,2,Section 3(5) of the Northern Ireland (Executive Formation etc) Act 2019: 9 October 2019 Report,S,2020,false
14106,LIF 2019/0001,2019-10-16,2,Administrative Test Briefing,A,,false
14127,LLN 2019/0131,2019-10-18,2,Neighbourhood Services: Government Funding,N,2019,false
14129,LLN 2019/0132,2019-10-18,2,UK’s Withdrawal from the European Union,U,2019,false
14131,LLN 2019/0133,2019-10-18,2,Hong Kong: Political Unrest and Citizenship Offers,H,2019,false
14138,LLN 2019/0134,2019-10-21,2,Situation in Syria and Iraq Following Turkey’s Invasion of Syria,S,2019,false
14142,LLN 2019/0135,2019-10-22,2,Vocational Education and Training in Secondary Schools,V,2019,false
14144,LLN 2019/0136,2019-10-22,2,"World Cities Day, 31 October 2019",W,2019,false
14150,LLN 2019/0137,2019-10-23,2,Historical Institutional Abuse (Northern Ireland) Bill [HL]: Briefing for Lords Stages,H,2019,false
14151,LLN 2019/0138,2019-10-23,2,GCHQ: 100th Anniversary,G,2019,false
14153,LLN 2019/0139,2019-10-24,2,Health Service Safety Investigations Bill [HL]: Briefing for Lords Stages,H,2019,false
14155,LLN 2019/0140,2019-10-24,2,Pension Schemes Bill [HL]: Briefing for Lords Stages,P,2019,false
14156,LLN 2019/0141,2019-10-24,2,Reports Pursuant to Section 3(5) of the Northern Ireland (Executive Formation etc) Act 2019: 23 October 2019 Report,R,2020,false
14156,LLN 2019/0141,2019-10-24,2,Reports Pursuant to Section 3(5) of the Northern Ireland (Executive Formation etc) Act 2019: 23 October 2019 Report,R,2020,false
14157,LLN 2019/0142,2019-10-25,2,Grenfell Tower Inquiry,G,2019,false
14159,LLN 2019/0143,2019-10-25,2,International Development: Sustainable Initiatives,I,2019,false
14161,LLN 2019/0144,2019-10-29,2,Early Parliamentary General Election Bill: Briefing for Lords Stages,E,2019,false
14163,LLN 2019/0145,2019-10-30,2,Northern Ireland Budget Bill: Briefing for Lords Stages,N,2020,false
14164,LLN 2019/0146,2019-10-30,2,"Divorce, Dissolution and Separation Bill [HL]: Briefing for Lords Stages",D,2019,false
14166,LLN 2019/0147,2019-10-31,2,Gambling-related Harms,G,2019,false
14169,LLN 2019/0148,2019-11-01,2,Children’s Rights in 2019,C,2019,false
14176,LLN 2019/0149,2019-11-04,2,Antimicrobial Resistance: Global Policy Initiatives,A,2019,false
14178,LLN 2019/0150,2019-11-05,2,Ethnic and Religious Diversity in the House of Lords,E,2019,false
14179,LLN 2019/0151,2019-11-05,2,House of Lords Act 1999: Twenty Years On,H,2024,false
14180,LLN 2019/0152,2019-11-05,2,Pre-exposure Prophylaxis (PrEP) Provision in England: Recent Developments,P,2020,false
14192,LLN 2019/0153,2019-12-09,2,Lord Sinha of Raipur and the Government of India Act 1919,L,2019,false
14193,LLN 2019/0154,2019-12-10,2,Lifting the Barrier: Gender Equality Legislation 1919,L,2019,false
14194,LLN 2019/0160,2019-12-10,2,State Openings of Parliament: Reduced Ceremonial,S,2020,false
14195,LLN 2019/0155,2019-12-10,2,Salisbury Convention: A Decade of Developments,S,2022,false
14196,LLN 2019/0156,2019-12-10,2,Prerogative Powers of the Crown,P,2019,false
14197,LLN 2019/0157,2019-12-10,2,Parliamentary sessions: Years without a Queen’s/King's Speech,P,2025,false
14197,LLN 2019/0157,2019-12-10,2,Parliamentary sessions: Years without a Queen’s/King's Speech,P,2025,false
14198,LLN 2019/0158,2019-12-10,2,Party Policies on Europe at General Elections Since 1970,P,2019,false
14200,LLN 2019/0159,2019-12-11,2,Peerages Awarded to Former Prime Ministers: 1902–2019,P,,false
14211,LLN 2019/0161,2019-12-18,2,"House of Lords: Statistics on Size and Composition, November 2019",H,2019,false
14212,LLN 2019/0162,2019-12-18,2,"House of Lords: Maiden and Valedictory Speeches, 2017-2019",H,2022,false
14214,LLN 2019/0163,2019-12-19,2,"Sovereign’s Speech: Lords movers and seconders, 1979–2024",S,2024,false
14214,LLN 2019/0163,2019-12-19,2,"Sovereign’s Speech: Lords movers and seconders, 1979–2024",S,2024,false
14214,LLN 2019/0163,2019-12-19,2,"Sovereign’s Speech: Lords movers and seconders, 1979–2024",S,2024,false
14214,LLN 2019/0163,2019-12-19,2,"Sovereign’s Speech: Lords movers and seconders, 1979–2024",S,2024,false
14230,LLN 2020/0001,2020-01-02,2,Queen's Speech January 2020: Debate in the House of Lords Day 1,Q,2021,false
14230,LLN 2020/0001,2020-01-02,2,Queen's Speech January 2020: Debate in the House of Lords Day 1,Q,2021,false
14231,LLN 2020/0002,2020-01-02,2,Queen's Speech January 2020: Debate in the House of Lords Day 2,Q,2021,false
14231,LLN 2020/0002,2020-01-02,2,Queen's Speech January 2020: Debate in the House of Lords Day 2,Q,2021,false
14232,LLN 2020/0003,2020-01-02,2,Queen's Speech January 2020: Debate in the House of Lords Day 3,Q,2021,false
14232,LLN 2020/0003,2020-01-02,2,Queen's Speech January 2020: Debate in the House of Lords Day 3,Q,2021,false
14235,LLN 2020/0004,2020-01-03,2,Reports Pursuant to Section 3(5) of the Northern Ireland (Executive Formation etc) Act 2019,R,2020,false
14236,LLN 2020/0005,2020-01-03,2,Motions Pursuant to Section 2(2)(b) of the European Union (Withdrawal) (No. 2) Act 2019 and Section 13(6)(b) of the European Union (Withdrawal) Act 2018,M,2020,false
14238,LLN 2020/0006,2020-01-06,2,"Bank of England: History, Role and Current Policy Debates",B,2020,false
14244,LLN 2020/0007,2020-01-07,2,Regional Representation in the House of Lords,R,2020,false
14249,LLN 2020/0008,2020-01-09,2,Medical Cannabis: Recent Developments,M,2020,false
14251,LLN 2020/0009,2020-01-09,2,Implications of the Use of Drones following the Assassination of Qasem Soleimani,I,2020,false
14254,LLN 2020/0010,2020-01-10,2,Disclosure of Evidence in Criminal Proceedings,D,2020,false
14258,LLN 2020/0011,2020-01-10,2,European Union (Withdrawal Agreement) Bill: Briefing for Lords Stages,E,2020,false
14265,LLN 2020/0012,2020-01-14,2,Racism in Football: Tackling Abusive Behaviour,R,2020,false
14268,LLN 2020/0013,2020-01-14,2,"Policing in the UK: Governance, Oversight and Complaints",P,2020,false
14273,LLN 2020/0014,2020-01-15,2,EU Committee Reports: EU Fisheries Landing Obligation,E,2020,false
14273,LLN 2020/0014,2020-01-15,2,EU Committee Reports: EU Fisheries Landing Obligation,E,2020,false
14274,LLN 2020/0015,2020-01-16,2,Economic Affairs Committee Report: Rethinking High Speed 2,E,2020,false
14279,LLN 2020/0016,2020-01-16,2,Policing in the UK: Serious and Organised Crime,P,2020,false
14281,LLN 2020/0017,2020-01-17,2,Gene Editing: Recent Developments and Scientific Status,G,2020,false
14286,LLN 2020/0018,2020-01-20,2,Pension Schemes Bill [HL]: Briefing for Lords Stages,P,2020,false
14287,LLN 2020/0019,2020-01-20,2,Air Traffic Management and Unmanned Aircraft Bill [HL]: Briefing for Lords Stages,A,2020,false
14289,LLN 2020/0020,2020-01-21,2,Soil Erosion: A Global Challenge,S,2020,false
14290,LLN 2020/0021,2020-01-21,2,Tokyo Nutrition for Growth Summit 2020,T,2020,false
14295,LLN 2020/0022,2020-01-22,2,Birmingham Commonwealth Games Bill [HL]: Briefing for Lords Stages,B,2020,false
14296,LLN 2020/0023,2020-01-22,2,Reserve Forces’ and Cadets’ Associations,R,2020,false
14297,LLN 2020/0024,2020-01-22,2,Social Mobility,S,2020,false
14298,LLN 2020/0025,2020-01-22,2,"Divorce, Dissolution and Separation Bill [HL]: Briefing for Lords Stages",D,2020,false
14300,LLN 2020/0026,2020-01-23,2,Direct Payments to Farmers (Legislative Continuity) Bill: Briefing for Lords Stages,D,2020,false
14302,LLN 2020/0027,2020-01-23,2,Iran and Stability in the Middle East,I,2020,false
14304,LLN 2020/0028,2020-01-23,2,"Defence, Diplomacy, and Development: Building a Safer, Fairer and Cleaner World",D,2020,false
14306,LLN 2020/0029,2020-01-24,2,Rural Economy and UK Agriculture: Issues for the New Parliament,R,2020,false
14309,LLN 2020/0030,2020-01-27,2,Extradition (Provisional Arrest) Bill [HL]: Briefing for Lords Stages,E,2020,false
14313,LLN 2020/0031,2020-01-27,2,Replacing European Structural Funds in Wales after Brexit,R,2020,false
14315,LLN 2020/0032,2020-01-28,2,Depression in Young People,D,2020,false
14316,LLN 2020/0033,2020-01-28,2,Falling Vaccination Rates: The Case of the MMR Jab,F,2020,false
14317,LLN 2020/0034,2020-01-28,2,Extension of Franchise (House of Lords) Bill [HL]: Briefing for Lords Stages,E,2020,false
14319,LLN 2020/0035,2020-01-28,2,Improvement of Care for Eating Disorders,I,2020,false
14320,LLN 2020/0036,2020-01-28,2,Public Venues: Safety and Security,P,2021,false
14322,LLN 2020/0037,2020-01-29,2,Domestic Premises (Energy Performance) Bill [HL]: Briefing for Lords Stages,D,2020,false
14323,LLN 2020/0038,2020-01-29,2,Access to Palliative Care and Treatment of Children Bill [HL]: Briefing for Lords Stages,A,2020,false
14324,LLN 2020/0039,2020-01-29,2,NHS Long Term Plan: Recent Developments,N,2020,false
14326,LLN 2020/0041,2020-01-30,2,Cairncross Review: A Sustainable Future for Journalism,C,2020,false
14327,LLN 2020/0040,2020-01-30,2,Net Zero Carbon Emissions Target and Climate Change: Role of Technological and Lifestyle Efforts,N,2020,false
14332,LLN 2020/0042,2020-01-30,2,"NHS and Social Care: Targets, Priorities and Pressures",N,2020,false
14338,LLN 2020/0043,2020-02-03,2,Learning Disability and Autism: Training in Health and Social Care,L,2020,false
14339,LLN 2020/0044,2020-02-03,2,All-Party Parliamentary Group for Adoption and Permanence: Report on Adoption Support Fund,A,2020,false
14342,LLN 2020/0045,2020-02-03,2,Predictive and Decision-making Algorithms in Public Policy,P,2020,false
14346,LLN 2020/0046,2020-02-04,2,Sentencing (Pre-consolidation Amendments) Bill [HL] of Session 2019-21: Briefing for Lords Stages,S,2020,false
14349,LLN 2020/0047,2020-02-04,2,Native Trees: Pests and Diseases,N,2020,false
14352,LIF 2020/0001,2020-02-05,2,Administrative Test 2020,A,,false
14355,LLN 2020/0048,2020-02-05,2,Online Political Advertising: On a Road to Regulation?,O,2020,false
14356,LLN 2020/0049,2020-02-05,2,Coronavirus: A Public Health Emergency,C,2020,false
14357,LLN 2020/0050,2020-02-05,2,House of Lords in 2020: Profile of Membership,H,2020,false
14358,LLN 2020/0051,2020-02-06,2,Fisheries Bill [HL]: Briefing for Lords Stages,F,2020,false
14359,LLN 2020/0052,2020-02-06,2,Reversing the Beeching Closures: Full Steam Ahead?,R,2020,false
14362,LLN 2020/0053,2020-02-06,2,Smart Motorways,S,2020,false
14371,LLN 2020/0054,2020-02-11,2,Trade Standards Commission,T,2020,false
14372,LLN 2020/0055,2020-02-11,2,NHS Funding Bill: Briefing for Lords Stages,N,2020,false
14372,LLN 2020/0055,2020-02-11,2,NHS Funding Bill: Briefing for Lords Stages,N,2020,false
14374,LLN 2020/0056,2020-02-11,2,Women: Facilities in Public Buildings,W,2020,false
14379,LLN 2020/0057,2020-02-12,2,Bates v Post Office: Horizon Accounting System,B,2020,false
14380,LLN 2020/0058,2020-02-12,2,India's Citizenship (Amendment) Act 2019,I,2020,false
14380,LLN 2020/0058,2020-02-12,2,India's Citizenship (Amendment) Act 2019,I,2020,false
14381,LLN 2020/0060,2020-02-13,2,Improved Early Years Interventions,I,2020,false
14382,LLN 2020/0059,2020-02-13,2,Israel-Palestine: The New US Peace Deal,I,2020,false
14386,LLN 2020/0061,2020-02-17,2,"Inequalities Faced by Gypsy, Roma and Traveller Communities",I,2020,false
14390,LLN 2020/0062,2020-02-19,2,Terrorist Offenders (Restriction of Early Release) Bill: Briefing for Lords Stages,T,2020,false
14395,LLN 2020/0063,2020-02-20,2,Administrative Test Briefing,A,,false
14395,LLN 2020/0063,2020-02-20,2,Administrative Test Briefing 06/03/2020 Republish,A,,false
14395,LLN 2020/0063,2020-02-20,2,Administrative Test Briefing 20/02/2020,A,,false
14395,LLN 2020/0063,2020-02-20,2,Administrative Test Briefing 20/02/2020 Draft WPR,A,,false
14395,LLN 2020/0063,2020-02-20,2,Administrative Test Briefing 20/02/2020 Republish Major Update,A,,false
14395,LLN 2020/0063,2020-02-20,2,Administrative Test Briefing 20/02/2020 Republish Minor Update,A,,false
14395,LLN 2020/0063,2020-02-20,2,Administrative Test Briefing 20/02/2020 v2,A,,false
14395,LLN 2020/0063,2020-02-20,2,Administrative Test Briefing 20/02/2020 v3,A,,false
14395,LLN 2020/0063,2020-02-20,2,Administrative Test Briefing 28/02/2020 Republish,A,,false
14395,LLN 2020/0063,2020-02-20,2,Administrative Test Briefing 28/02/2020 Republish Major Update,A,,false
14395,LLN 2020/0063,2020-02-20,2,Administrative Test Briefing Major Update Test,A,,false
14395,LLN 2020/0063,2020-02-20,2,Administrative Test Briefing Major Update Test II,A,,false
14395,LLN 2020/0063,2020-02-20,2,Administrative Test Briefing Minor Update Test,A,,false
14396,LLN 2020/0064,2020-02-20,2,The Checkpoint Programme,T,2020,false
14400,LLN 2020/0065,2020-02-24,2,Mental Health: Unregistered Practitioners,M,2020,false
14405,LLN 2020/0066,2020-02-25,2,Educational Opportunities for Children and Young People from Working-class Backgrounds,E,2020,false
14406,LLN 2020/0067,2020-02-26,2,Public Service Broadcasting: Impact on the Economy and Creative Culture,P,2020,false
14411,LLN 2020/0068,2020-02-27,2,Children in School with Special Educational Needs,C,2020,false
14420,LLN 2020/0069,2020-03-02,2,House of Lords (Hereditary Peers) (Abolition of By-Elections) Bill [HL]: Briefing for Lords Stages,H,2020,false
14423,LLN 2020/0070,2020-03-03,2,Wellbeing of Future Generations Bill [HL]: Briefing for Lords Stages,W,2020,false
14434,LLN 2020/0071,2020-03-04,2,International Women’s Day: A Gender Equal World?,I,2020,false
14435,LLN 2020/0075,2020-03-04,2,Ministerial Code,M,2020,false
14437,LLN 2020/0072,2020-03-05,2,Wellbeing as an Indicator of National Performance,W,2020,false
14440,LLN 2020/0073,2020-03-05,2,"High Speed Rail: Route, Speed and Station Locations",H,2020,false
14443,LLN 2020/0074,2020-03-05,2,Green Economy: Promoting Resource Efficiency and Zero Carbon Usage,G,2020,false
14449,LLN 2020/0076,2020-03-09,2,Private International Law (Implementation of Agreements) Bill [HL]: Briefing for Lords Stages,P,2020,false
14456,LLN 2020/0077,2020-03-11,2,"Coronavirus, Hong Kong and UK Government Support",C,2020,false
14458,LLN 2020/0078,2020-03-12,2,Future UK-EU Relationship: Approach to Negotiations,F,2020,false
14460,LLN 2020/0081,2020-03-12,2,Prisoners (Disclosure of Information about Victims) Bill: Briefing for Lords Stages,P,2020,false
14461,LLN 2020/0079,2020-03-12,2,Leaving the European Union Aviation Safety Agency,L,2020,false
14462,LLN 2020/0080,2020-03-12,2,UK Progress on UN Sustainable Development Goal 3 and the Reducing Road Casualties Target,U,2020,false
14463,LLN 2020/0082,2020-03-13,2,Spring Budget 2020,S,2020,false
14475,LLN 2020/0083,2020-03-17,2,Loneliness: Care Homes,L,2020,false
14479,LLN 2020/0084,2020-03-17,2,Sentencing Bill [HL]: Briefing for Lords Stages,S,2020,false
14491,LLN 2020/0085,2020-03-20,2,Telecommunications Infrastructure (Leasehold Property) Bill: Briefing for Lords Stages,T,2020,false
14494,LLN 2020/0086,2020-03-20,2,Coronavirus Bill: emergency Covid-19 legislation,C,2020,false
14499,LLN 2020/0087,2020-03-23,2,Access to Justice and Welfare Advisory Services,A,2020,false
14499,LLN 2020/0087,2020-03-23,2,Access to Justice and Welfare Advisory Services,A,2020,false
14508,LLN 2020/0088,2020-03-26,2,Non-Domestic Rating (Lists) Bill [HL]: Briefing for Lords Stages,N,2020,false
14509,LLN 2020/0089,2020-03-26,2,"Constitution, Democracy and Rights Commission",C,2020,false
14533,LLN 2020/0090,2020-04-15,2,Covid-19: Social and Domiciliary Care,C,2020,false
14534,LLN 2020/0091,2020-04-15,2,Windrush Compensation Scheme (Expenditure) Bill: Briefing for Lords Stages,W,2020,false
14540,LLN 2020/0092,2020-04-21,2,Covid-19: Challenges Facing the Charitable and Voluntary Sector,C,2020,false
14542,LLN 2020/0093,2020-04-23,2,Covid-19: Impact on People Living in Poverty,C,2020,false
14543,LLN 2020/0094,2020-04-23,2,Royal Commissions: Making a Comeback?,R,2020,false
14549,LLN 2020/0095,2020-04-30,2,Economic Assessments for the European Union,E,2020,false
14550,LLN 2020/0096,2020-04-30,2,Covid-19: Improving Income Equality and Sustainability,C,2020,false
14551,LLN 2020/0097,2020-04-30,2,Windrush Compensation Scheme,W,2020,false
14557,LLN 2020/0099,2020-05-06,2,Coronavirus: Food Supply and Food Security,C,2020,false
14558,LLN 2020/0098,2020-05-06,2,EU Committee Report: Beyond Brexit: How to Win Friends and Influence People,E,2020,false
14559,LLN 2020/0100,2020-05-07,2,Homelessness and Covid-19: Next Steps,H,2020,false
14565,LLN 2020/0101,2020-05-14,2,"Coronavirus: Museums, Galleries and Historic Buildings",C,2020,false
14569,LLN 2020/0102,2020-05-14,2,Covid-19: International Response,C,2020,false
14570,LLN 2020/0103,2020-05-15,2,Discovery of Antarctica: 200th Anniversary,D,2020,false
14571,LLN 2020/0104,2020-05-15,2,Covid-19: Private Sector Contribution,C,2020,false
14581,LLN 2020/0105,2020-05-22,2,Agriculture Bill: Briefing for Lords Stages,A,2020,false
14584,LLN 2020/0106,2020-05-27,2,Coronavirus and the Economy,C,2020,false
14588,LLN 2020/0107,2020-05-29,2,Hong Kong: National Security Legislation,H,2020,false
14593,LLN 2020/0108,2020-06-04,2,Covid-19: Face Masks,C,2020,false
14594,LLN 2020/0109,2020-06-04,2,"Covid-19: Fairer, Cleaner and More Sustainable Economy",C,2020,false
14600,LLN 2020/0110,2020-06-05,2,Corporate Insolvency and Governance Bill: Briefing for Lords Stages,C,2020,false
14622,LLN 2020/0111,2020-06-24,2,House of Lords: Membership in June 2020,H,2020,false
14634,LLN 2020/0112,2020-07-02,2,Medicines and Medical Devices Bill: Briefing for Lords Stages,M,2020,false
14636,LLN 2020/0113,2020-07-02,2,Business and Planning Bill: Briefing for Lords Stages,B,2020,false
14643,LLN 2020/0114,2020-07-07,2,Finance Bill: Briefing for Lords Stages,F,2020,false
14649,LLN 2020/0115,2020-07-09,2,Immigration and Social Security Co-ordination (EU Withdrawal) Bill: Briefing for Lords Stages,I,2020,false
14656,LLN 2020/0116,2020-07-15,2,Domestic Abuse Bill: Briefing for Lords Stages,D,2020,false
14661,LLN 2020/0117,2020-07-22,2,Parliamentary Constituencies Bill: Briefing for Lords Stages,P,2020,false
14681,LLN 2020/0118,2020-08-19,2,Life Peerages: Lords Appointments since 1958,L,,false
14687,LLN 2020/0119,2020-08-27,2,Trade Bill: Briefing for Lords Stages,T,2020,false
14689,LLN 2020/0120,2020-09-02,2,Counter-Terrorism and Sentencing Bill: Briefing for Lords Stages,C,2020,false
14706,LLN 2020/0121,2020-09-15,2,Non-Domestic Rating (Public Lavatories) Bill: Briefing for Lords Stages,N,2020,false
14707,LLN 2020/0122,2020-09-15,2,Fire Safety Bill: Briefing for Lords Stages,F,2020,false
14742,LLN 2020/0123,2020-10-08,2,United Kingdom Internal Market Bill: Briefing for Lords Stages,U,2020,false
14770,LLN 2020/0124,2020-10-22,2,Covert Human Intelligence Sources (Criminal Conduct) Bill: Briefing for Lords Stages,C,2020,false
14779,LLN 2020/0125,2020-10-29,2,Non-Domestic Rating (Lists) (No. 2) Bill: Briefing for Lords Stages,N,2020,false
14807,LLN 2020/0126,2020-11-12,2,Overseas Operations (Service Personnel and Veterans) Bill: Briefing for Lords Stages,O,2021,false
14807,LLN 2020/0126,2020-11-12,2,Overseas Operations (Service Personnel and Veterans) Bill: Briefing for Lords Stages,O,2021,false
14850,LLN 2020/0127,2020-12-02,2,Size of the House of Lords: November 2020 Update,S,2020,false
14934,LLN 2021/0001,2021-01-19,2,Financial Services Bill: Briefing for Lords Stages,F,2021,false
14935,LLN 2021/0002,2021-01-20,2,Lords Appointments: Life peerages created since 1958,L,2021,false
14946,LLN 2021/0003,2021-01-28,2,National Security and Investment Bill: Briefing for Lords Stages,N,2021,false
14971,LLN 2021/0004,2021-02-18,2,Ministerial and other Maternity Allowances Bill: Briefing for Lords Stages,M,2021,false
14972,LLN 2021/0005,2021-02-22,2,House of Lords: Backgrounds in Public Life—February 2021,H,2021,false
15000,LLN 2021/0006,2021-03-08,2,"Spring Budget 2021: Tax, Spending, the Economy and Coronavirus",S,2021,false
15119,LLN 2021/0007,2021-05-19,2,Dormant Assets Bill [HL]: Briefing for Lords Stages,D,2021,false
15126,LLN 2021/0008,2021-05-20,2,Professional Qualifications Bill [HL]: Briefing for Lords Stages,P,2021,false
15127,LLN 2021/0009,2021-05-20,2,Leasehold Reform (Ground Rent) Bill [HL]: Briefing for Lords Stages,L,2021,false
15141,LLN 2021/0010,2021-05-27,2,Skills and Post-16 Education Bill [HL]: Briefing for Lords Stages,S,2021,false
15153,LLN 2021/0011,2021-06-02,2,Charities Bill [HL]: Briefing for Lords Stages,C,2021,false
15156,LLN 2021/0012,2021-06-03,2,Environment Bill: Briefing for Lords Stages,E,2021,false
15176,LLN 2021/0013,2021-06-11,2,Telecommunications (Security) Bill: Briefing for Lords Stages,T,2021,false
15186,LLN 2021/0014,2021-06-17,2,Social care provision in the UK and the role of carers,S,2021,false
15188,LLN 2021/0015,2021-06-17,2,Advanced Research and Invention Agency Bill: Briefing for Lords Stages,A,2021,false
15243,LLN 2021/0016,2021-07-19,2,"Police, Crime, Sentencing and Courts Bill",P,2021,false
15267,LLN 2021/0017,2021-08-24,2,Standards in Public Life,S,2021,false
15273,LLN 2021/0018,2021-08-25,2,Northern Ireland Protocol: House of Lords committee reports and recent developments,N,2021,false
15274,LLN 2021/0019,2021-08-26,2,Public Service Pensions and Judicial Offices Bill [HL],P,2021,false
15280,LLN 2021/0020,2021-09-01,2,Armed Forces Bill: Briefing for Lords stages,A,2021,false
15280,LLN 2021/0020,2021-09-01,2,Armed Forces Bill: Briefing for Lords stages,A,2021,false
15315,LLN 2021/0021,2021-09-16,2,National Insurance Contributions Bill,N,2021,false
15339,LLN 2021/0022,2021-09-30,2,Rating (Coronavirus) and Directors Disqualification (Dissolved Companies) Bill,R,2021,false
15340,LLN 2021/0023,2021-10-01,2,Critical Benchmarks (References and Administrators’ Liability) Bill [HL],C,2021,false
15347,LLN 2021/0024,2021-10-06,2,Health and Social Care Levy Bill,H,2021,false
15348,LLN 2021/0025,2021-10-06,2,Social Security (Up-rating of Benefits) Bill,S,2021,false
15350,LLN 2021/0026,2021-10-07,2,"Social care: challenges, funding and reform",S,2021,false
15351,LLN 2021/0027,2021-10-08,2,Inequalities of region and place,I,2021,false
15354,LLN 2021/0028,2021-10-12,2,Compensation (London Capital & Finance plc and Fraud Compensation Fund) Bill,C,2021,false
15393,LLN 2021/0029,2021-11-03,2,Dissolution and Calling of Parliament Bill,D,2021,false
15402,LLN 2021/0030,2021-11-05,2,"Northern Ireland (Ministers, Elections and Petitions of Concern) Bill",N,2021,false
15416,LLN 2021/0031,2021-11-11,2,"COP26: aims, goals and progress",C,2021,false
15432,LLN 2021/0032,2021-11-18,2,"Accusations of genocide against Uyghurs in Xinjiang, China",A,2021,false
15454,LLN 2021/0033,2021-11-25,2,BBC: Value to the UK and wider global audiences,B,2021,false
15461,LLN 2021/0034,2021-11-30,2,Governance and Administration of the House of Lords,G,2021,false
15468,LLN 2021/0035,2021-12-02,2,Health and Care Bill,H,2021,false
15478,LLN 2021/0036,2021-12-09,2,International Development Strategy,I,2021,false
15479,LLN 2021/0037,2021-12-09,2,Bosnia and Herzegovina and the Dayton agreement,B,2021,false
15496,LLN 2021/0038,2021-12-21,2,Nationality and Borders Bill,N,2021,false
15517,LLN 2022/0001,2022-01-11,2,Subsidy Control Bill,S,2022,false
15535,,2022-01-19,2,test,t,,false
15542,LLN 2022/0002,2022-01-20,2,Nuclear Energy (Financing) Bill,N,2022,false
15543,LLN 2022/0003,2022-01-20,2,Commercial Rent (Coronavirus) Bill,C,2022,false
15559,LLN 2022/0004,2022-01-27,2,Elections Bill,E,2022,false
15565,LLN 2022/0005,2022-01-28,2,Building Safety Bill,B,2022,false
15566,LLN 2022/0006,2022-01-28,2,Rising Household Energy Costs and Consumer Protection,R,2022,false
15579,LLN 2022/0007,2022-02-03,2,Judicial Review and Courts Bill,J,2022,false
15593,LLN 2022/0015,2022-02-08,2,Product Security and Telecommunications Infrastructure Bill: HL Bill 16 of 2022-23,P,2024,false
15611,LLN 2022/0008,2022-02-18,2,The Queen’s Platinum Jubilee: A Brief Parliamentary History of Her Reign,T,2023,false
15632,LLN 2022/0009,2022-02-28,2,Down Syndrome Bill,D,2022,false
15652,LLN 2022/0010,2022-03-08,2,Economic Crime (Transparency and Enforcement) Bill,E,2022,false
15761,LLN 2022/0011,2022-05-18,2,Social Security (Special Rules for End of Life) Bill [HL],S,2022,false
15765,LLN 2022/0012,2022-05-19,2,UK Infrastructure Bank Bill [HL],U,2022,false
15766,LLN 2022/0013,2022-05-19,2,Schools Bill [HL],S,2022,false
15769,LLN 2022/0014,2022-05-20,2,Procurement Bill [HL],P,2022,false
15788,LLN 2022/0016,2022-06-01,2,Identity and Language (Northern Ireland) Bill [HL]: HL Bill 11 of 2022-23,I,2022,false
15788,LLN 2022/0016,2022-06-01,2,Identity and Language (Northern Ireland) Bill [HL]: HL Bill 11 of 2022-23,I,2022,false
15810,LLN 2022/0017,2022-06-15,2,Front-loaded Child Benefit Bill [HL]: HL Bill 6 of 2022–23,F,2022,false
15816,LLN 2022/0018,2022-06-17,2,Social Housing (Regulation) Bill [HL]: HL Bill 21 of 2022–23,S,2022,false
15825,LLN 2022/0019,2022-06-22,2,Universal Credit (Removal of Two Child Limit) Bill [HL]: HL Bill 7 of 2022-23,U,2022,false
15826,LLN 2022/0020,2022-06-22,2,Local Authority (Housing Allocation) Bill [HL]: HL Bill 9 of 2022–23,L,2022,false
15829,LLN 2022/0021,2022-06-23,2,Clean Air (Human Rights) Bill [HL]: HL Bill 5 of 2022-23,C,2022,false
15830,LLN 2022/0022,2022-06-23,2,Refugees (Family Reunion) Bill [HL]: HL Bill 8 of 2022–23,R,2022,false
15832,LLN 2022/0023,2022-06-23,2,Social Security (Additional Payments) Bill: HL Bill 34 of 2022-23,S,2022,false
15834,LLN 2022/0024,2022-06-23,2,Higher Education (Freedom of Speech) Bill: HL Bill 30 of 2022–23,H,2022,false
15861,LLN 2022/0025,2022-07-07,2,Domestic Premises (Electrical Safety Certificate) Bill [HL]: HL Bill 10 of 2022-23,D,2022,false
15863,LLN 2022/0026,2022-07-08,2,Heritage Railways and Tramways (Voluntary Work) Bill [HL]: HL Bill 12 of 2022–23,H,2022,false
15864,LLN 2022/0027,2022-07-08,2,Healthy Homes Bill [HL]: HL Bill 14 of 2022–23,H,2022,false
15865,LLN 2022/0028,2022-07-11,2,Ballot Secrecy Bill [HL]: HL Bill 15 of 2022–23,B,2022,false
15868,LLN 2022/0029,2022-07-11,2,Climate and Ecology Bill [HL]: HL Bill 13 of 2022-23,C,2023,false
15874,LLN 2022/0030,2022-07-13,2,Energy Bill [HL]: HL Bill 39 of 2022–23,E,2022,false
15878,LLN 2022/0031,2022-07-14,2,Seafarers’ Wages Bill [HL]: HL Bill 38 of 2022–23,S,2022,false
15881,LLN 2022/0032,2022-07-14,2,Northern Ireland Troubles (Legacy and Reconciliation) Bill: HL Bill 37 of 2022-23,N,2022,false
15881,LLN 2022/0032,2022-07-14,2,Northern Ireland Troubles (Legacy and Reconciliation) Bill: HL Bill 37 of 2022-23,N,2022,false
15900,LLN 2022/0033,2022-08-02,2,Genocide Determination Bill [HL]: HL Bill 23 of 2022–23,G,2022,false
15901,LLN 2022/0034,2022-08-02,2,Coroners (Determination of Suicide) Bill [HL]: HL Bill 20 of 2022-23,C,2022,false
15902,LLN 2022/0035,2022-08-02,2,Employment and Trade Union Rights (Dismissal and Re-engagement) Bill [HL]: HL Bill 32 of 2022–23,E,2022,false
15903,LLN 2022/0036,2022-08-02,2,House of Lords (Peerage Nominations) Bill [HL]: HL Bill 19 of 2022–23,H,2022,false
15904,LLN 2022/0037,2022-08-03,2,School (Reform of Pupil Selection) Bill [HL]: HL Bill 26 of 2022–23,S,2022,false
15906,LLN 2022/0038,2022-08-04,2,Public Advocate Bill [HL]: HL Bill 25 of 2022–23,P,2023,false
15909,LLN 2022/0039,2022-08-05,2,"Women, Peace and Security Bill [HL]: HL Bill 22 of 2022–23",W,2022,false
15910,LLN 2022/0040,2022-08-08,2,Private Burial Grounds and Cemeteries Bill [HL]: HL Bill 31 of 2022–23,P,2022,false
15913,LLN 2022/0041,2022-08-10,2,OFCOM (Duty regarding Prevention of Serious Self-harm and Suicide) Bill [HL]: HL Bill 18 of 2022–23,O,2023,false
15916,LLN 2022/0042,2022-08-17,2,Government of Wales (Devolved Powers) Bill [HL]: HL Bill 17 of 2022-23,G,2022,false
15917,LLN 2022/0043,2022-08-18,2,Marine Protected Areas (Bottom Trawling) Bill [HL]: HL Bill 33 of 2022–23,M,2022,false
15924,LLN 2022/0044,2022-08-30,2,Protection for Whistleblowing Bill [HL]: HL Bill 27 of 2022–23,P,2022,false
15926,LLN 2022/0045,2022-08-31,2,Health Promotion Bill [HL]: HL Bill 24 of 2022–23,H,2022,false
15931,LLN 2022/0046,2022-09-02,2,Education (Non-religious Philosophical Convictions) Bill [HL]: HL Bill 29 of 2022–23,E,2023,false
15961,LLN 2022/0047,2022-10-05,2,Northern Ireland Protocol Bill: HL Bill 52 of 2022–23,N,2022,false
15974,LLN 2022/0048,2022-10-12,2,Health and Social Care Levy (Repeal) Bill,H,2022,false
15974,LLN 2022/0048,2022-10-12,2,Health and Social Care Levy (Repeal) Bill,H,2022,false
15978,LLN 2022/0049,2022-10-13,2,Energy Prices Bill 2022–23,E,2022,false
15997,LLN 2022/0050,2022-10-21,2,Electronic Trade Documents Bill [HL]: HL Bill 57 of 2022–23,E,2022,false
16009,LLN 2022/0051,2022-10-26,2,Public Order Bill: HL Bill 61 of 2022–23,P,2022,false
16009,LLN 2022/0051,2022-10-26,2,Public Order Bill: HL Bill 61 of 2022–23,P,2022,false
16049,LLN 2022/0052,2022-11-09,2,Genetic Technology (Precision Breeding) Bill: HL Bill 64 of 2022-23,G,2022,false
16057,LLN 2022/0053,2022-11-15,2,"House of Lords: Maiden and valedictory speeches, 2019-2022",H,2022,false
16070,LLN 2022/0054,2022-11-17,2,Counsellors of State Bill [HL]: HL Bill 66 of 2022-23,C,2022,false
16085,LLN 2022/0055,2022-11-24,2,National Security Bill: HL Bill 68 of 2022–23,N,2022,false
16099,LLN 2022/0056,2022-12-01,2,Northern Ireland (Executive Formation etc) Bill: HL Bill 74 of 2022-23,N,2022,false
16112,LLN 2022/0057,2022-12-08,2,Finance Bill 2022-23,F,2022,false
16124,LLN 2022/0058,2022-12-16,2,Financial Services and Markets Bill: HL Bill 80 of 2022–23,F,2022,false
16129,LLN 2022/0059,2022-12-21,2,Trade (Australia and New Zealand) Bill: HL Bill 81 of 2022–23,T,2023,false
16140,LLN 2023/0001,2023-01-10,2,Levelling-up and Regeneration Bill: HL Bill 84 of 2022-23,L,2023,false
16153,LLN 2023/0002,2023-01-13,2,Stamp Duty Land Tax (Temporary Relief) Bill: HL Bill 85 of 2022–23,S,2023,false
16161,LLN 2023/0003,2023-01-18,2,Water Safety (Curriculum) Bill [HL]: HL Bill 28 of 2022–23,W,2023,false
16175,LLN 2023/0004,2023-01-25,2,Mobile Homes (Pitch Fees) Bill: HL Bill 72 of 2022–23,M,2023,false
16177,LLN 2023/0005,2023-01-25,2,Online Safety Bill: HL Bill 87 of 2022–23,O,2023,false
16179,LLN 2023/0007,2023-01-26,2,Retained EU Law (Revocation and Reform) Bill: HL Bill 89 of 2022–23,R,2023,false
16181,LLN 2023/0006,2023-01-26,2,Northern Ireland Budget Bill: HL Bill 94 of 2022–23,N,2023,false
16199,LLN 2023/0008,2023-02-02,2,Economic Crime and Corporate Transparency Bill: HL Bill 96 of 2022–23,E,2023,false
16211,LLN 2023/0009,2023-02-09,2,Pensions Dashboards (Prohibition of Indemnification) Bill: HL Bill 92 of 2022–23,P,2023,false
16216,LLN 2023/0010,2023-02-13,2,Strikes (Minimum Service Levels) Bill: HL Bill 97 of 2022-23,S,2023,false
16219,LLN 2023/0011,2023-02-15,2,Employment (Allocation of Tips) Bill: HL Bill 91 of 2022–23,E,2023,false
16220,LLN 2023/0012,2023-02-15,2,Carer's Leave Bill: HL Bill 100 of 2022-23,C,2023,false
16223,LLN 2023/0013,2023-02-20,2,Protection from Redundancy (Pregnancy and Family Leave) Bill: HL Bill 99 of 2022–23,P,2023,false
16233,LLN 2023/0014,2023-02-24,2,Northern Ireland (Executive Formation and Organ and Tissue Donation) Bill: HL Bill 105 of 2022–23,N,2023,false
16265,LLN 2023/0015,2023-03-09,2,Shark Fins Bill: HL Bill 93 of 2022–23,S,2023,false
16271,LLN 2023/0016,2023-03-13,2,"Co-operatives, Mutuals and Friendly Societies Bill: HL Bill 106 of 2022–23",C,2023,false
16272,LLN 2023/0017,2023-03-13,2,Worker Protection (Amendment of Equality Act 2010) Bill: HL Bill 101 of 2022-23,W,2023,false
16277,LLN 2023/0018,2023-03-14,2,Neonatal Care (Leave and Pay) Bill: HL Bill 90 of 2022–23,N,2023,false
16280,LLN 2023/0019,2023-03-15,2,Social Security (Additional Payments) (No. 2) Bill: HL Bill 114 of 2022–23,S,2023,false
16282,LLN 2023/0020,2023-03-15,2,Employment Relations (Flexible Working) Bill: HL Bill 107 of 2022–23,E,2023,false
16289,LLN 2023/0021,2023-03-20,2,Electricity Transmission (Compensation) Bill: HL Bill 108 of 2022–23,E,2023,false
16302,LLN 2023/0022,2023-03-28,2,Child Support Collection (Domestic Abuse) Bill: HL Bill 110 of 2022–23,C,2023,false
16306,LLN 2023/0023,2023-03-30,2,Offenders (Day of Release from Detention) Bill: HL Bill 113 of 2022–23,O,2023,false
16315,LLN 2023/0024,2023-04-03,2,Supported Housing (Regulatory Oversight) Bill: HL Bill 111 of 2022–23,S,2023,false
16332,LLN 2023/0025,2023-04-20,2,Equipment Theft (Prevention) Bill: HL Bill 112 of 2022–23,E,2023,false
17356,LLN 2023/0041,2023-05-03,2,Northern Ireland Budget (No. 2) Bill: HL Bill 167 of 2022–23,N,2023,false
17360,LLN 2023/0026,2023-05-04,2,Illegal Migration Bill: HL Bill 133 of 2022–23,I,2023,false
17363,LLN 2023/0027,2023-05-09,2,Child Support (Enforcement) Bill: HL Bill 120 of 2022–23,C,2023,false
17378,LLN 2023/0028,2023-05-15,2,Lifelong Learning (Higher Education Fee Limits) Bill: HL Bill 136 of 2022–23,L,2023,false
17381,LLN 2023/0029,2023-05-15,2,Northern Ireland (Interim Arrangements) Bill: HL Bill 137 of 2022–23,N,2023,false
17384,LLN 2023/0030,2023-05-17,2,Veterans Advisory and Pensions Committees Bill: HL Bill 127 of 2022–23,V,2023,false
17404,LLN 2023/0031,2023-05-26,2,Non-Domestic Rating Bill: HL Bill 140 of 2022–23,N,2023,false
17414,LLN 2023/0032,2023-06-06,2,Hunting Trophies (Import Prohibition) Bill: HL Bill 119 of 2022–23,H,2024,false
17415,LLN 2023/0033,2023-06-06,2,Protection from Sex-based Harassment in Public Bill: HL Bill 125 of 2022–23,P,2023,false
17422,LLN 2023/0034,2023-06-12,2,Workers (Predictable Terms and Conditions) Bill: HL Bill 126 of 2022–23,W,2023,false
17423,LLN 2023/0035,2023-06-12,2,Powers of Attorney Bill: HL Bill 121 of 2022–23,P,2023,false
17430,LLN 2023/0036,2023-06-14,2,British Nationality (Regularisation of Past Practice) Bill: HL Bill 144 of 2022–23,B,2023,false
17452,LLN 2023/0037,2023-06-27,2,Animals (Low-Welfare Activities Abroad) Bill: HL Bill 122 of 2022–23,A,2023,false
17469,LLN 2023/0038,2023-06-29,2,Finance (No. 2) Bill: HL Bill 149 of 2022–23,F,2023,false
17475,LLN 2023/0039,2023-07-04,2,Firearms Bill: HL Bill 129 of 2022–23,F,2023,false
17482,LLN 2023/0040,2023-07-05,2,Pensions (Extension of Automatic Enrolment) (No. 2) Bill: HL Bill 128 of 2022–23,P,2023,false
17600,LLN 2023/0042,2023-11-15,2,Investigatory Powers (Amendment) Bill [HL]: HL Bill 3 of 2023–24,I,2023,false
17600,LLN 2023/0042,2023-11-15,2,Investigatory Powers (Amendment) Bill [HL]: HL Bill 3 of 2023–24,I,2023,false
17602,LLN 2023/0043,2023-11-16,2,Trade (Comprehensive and Progressive Agreement for Trans-Pacific Partnership) Bill [HL]: HL Bill 4 of 2023–24,T,2023,false
17602,LLN 2023/0043,2023-11-16,2,Trade (Comprehensive and Progressive Agreement for Trans-Pacific Partnership) Bill [HL]: HL Bill 4 of 2023–24,T,2023,false
17603,LLN 2023/0044,2023-11-16,2,Pedicabs (London) Bill [HL]: HL Bill 2 of 2023–24,P,2023,false
17608,LLN 2023/0045,2023-11-21,2,Automated Vehicles Bill [HL]: HL Bill 1 of 2023–24,A,2023,false
17630,LLN 2023/0046,2023-11-30,2,"Digital Markets, Competition and Consumers Bill: HL Bill 12 of 2023-24",D,2023,false
17638,LLN 2023/0047,2023-12-05,2,Arbitration Bill [HL],A,2023,false
17640,LLN 2023/0048,2023-12-05,2,National Insurance Contributions (Reduction in Rates) Bill: HL Bill 25 of 2023–24,N,2023,false
17659,LLN 2023/0049,2023-12-12,2,Victims and Prisoners Bill: HL Bill 31 of 2023–24,V,2023,false
17663,LLN 2023/0050,2023-12-13,2,Data Protection and Digital Information Bill: HL Bill 30 of 2023–24,D,2023,false
17675,LLN 2023/0051,2023-12-21,2,Post Office (Horizon System) Compensation Bill: HL Bill 37 of 2023–24,P,2024,false
17716,LLN 2024/0001,2024-01-22,2,Animal Welfare (Livestock Exports) Bill: HL Bill 39 of 2023–24,A,2024,false
17723,LLN 2024/0002,2024-01-24,2,Safety of Rwanda (Asylum and Immigration) Bill: HL Bill 41 of 2023-24,S,2024,false
17737,LLN 2024/0003,2024-01-30,2,Economic Activity of Public Bodies (Overseas Matters) Bill: HL Bill 38 of 2023–24,E,2024,false
17746,LLN 2024/0004,2024-02-01,2,Conversion Therapy Prohibition (Sexual Orientation and Gender Identity) Bill [HL]: HL Bill 5 of 2023–24,C,2024,false
17748,LLN 2024/0005,2024-02-02,2,Succession to Peerages and Baronetcies Bill [HL]: HL Bill 6 of 2023–24,S,2024,false
17760,LLN 2024/0006,2024-02-12,2,Media Bill: HL Bill 44 of 2023–24,M,2024,false
17763,LLN 2024/0007,2024-02-15,2,Finance Bill: HL Bill 45 of 2023–24,F,2024,false
17774,LLN 2024/0008,2024-02-21,2,Employment and Trade Union Rights (Dismissal and Re-engagement) Bill [HL]: HL Bill 8 of 2023–24,E,2024,false
17776,LLN 2024/0009,2024-02-21,2,Alternative Investment Fund Designation Bill [HL]: HL Bill 10 of 2023–24,A,2024,false
17777,LLN 2024/0010,2024-02-21,2,Schools (Mental Health Professionals) Bill [HL]: HL Bill 16 of 2023–24,S,2024,false
17797,LLN 2024/0011,2024-02-29,2,Offshore Petroleum Licensing Bill: HL Bill 49 of 2023–24,O,2024,false
17816,LLN 2024/0012,2024-03-11,2,Leasehold and Freehold Reform Bill: HL Bill 50 of 2023–24,L,2024,false
17824,LLN 2024/0013,2024-03-14,2,National Insurance Contributions (Reduction in Rates) (No. 2) Bill: HL Bill 54 of 2023–24,N,2024,false
17829,LLN 2024/0014,2024-03-18,2,Foetal Sentience Committee Bill [HL]: HL Bill 15 of 2023–24,F,2024,false
17830,LLN 2024/0015,2024-03-18,2,Genocide (Prevention and Response) Bill [HL]: HL Bill 13 of 2023–24,G,2024,false
17831,LLN 2024/0016,2024-03-18,2,Artificial Intelligence (Regulation) Bill [HL]: HL Bill 11 of 2023–24,A,2024,false
17843,LLN 2024/0017,2024-03-26,2,Litigation Funding Agreements (Enforceability) Bill [HL]: HL Bill 56 of 2023–24,L,2024,false
17870,LLN 2024/0018,2024-04-23,2,Building Societies Act 1986 (Amendment) Bill: HL Bill 63 of 2023–24,B,2024,false
17877,LLN 2024/0019,2024-04-24,2,Pet Abduction Bill: HL Bill 62 of 2023–24,P,2024,false
17878,LLN 2024/0021,2024-04-24,2,Commercial Organisations and Public Authorities Duty (Human Rights and Environment) Bill [HL]: HL Bill 17 of 2023–24,C,2024,false
17891,LLN 2024/0020,2024-04-29,2,Zoological Society of London (Leases) Bill: HL Bill 64 of 2023–24,Z,2024,false
17895,LLN 2024/0022,2024-05-02,2,Commonwealth Parliamentary Association and International Committee of the Red Cross (Status) Bill: HL Bill 68 of 2023–24,C,2024,false
17902,LLN 2024/0023,2024-05-08,2,Post Office (Horizon System) Offences Bill: HL Bill 73 of 2023–24,P,2024,false
17911,LLN 2024/0024,2024-05-09,2,Renters (Reform) Bill: HL Bill 74 of 2023–24,R,2024,false
17919,LLN 2024/0025,2024-05-10,2,Paternity Leave (Bereavement) Bill: HL Bill 70 of 2023–24,P,2024,false
17921,LLN 2024/0026,2024-05-14,2,British Nationality (Irish Citizens) Bill: HL Bill 71 of  2023–24,B,2024,false
17922,LLN 2024/0027,2024-05-14,2,"High Streets (Designation, Review and Improvement Plan) Bill: HL Bill 69 of 2023–24",H,2024,false
17940,LLN 2024/0030,2024-06-26,2,King's Speech 2024: Defence,K,2024,false
17943,LLN 2024/0028,2024-07-03,2,King's Speech 2024: Constitution,K,2024,false
17945,LLN 2024/0029,2024-07-08,2,"King's Speech 2024: Culture, media and sport",K,2024,false
17946,LLN 2024/0031,2024-07-08,2,King’s Speech 2024: Devolved affairs,K,2024,false
17947,LLN 2024/0032,2024-07-08,2,"King's Speech 2024: Economic affairs, business and trade",K,2024,false
17948,LLN 2024/0033,2024-07-08,2,King's Speech 2024: Education,K,2024,false
17949,LLN 2024/0034,2024-07-08,2,"King's Speech 2024: Energy security, net zero, environment and agriculture",K,2024,false
17950,LLN 2024/0035,2024-07-08,2,King’s Speech 2024: Foreign affairs and international development,K,2024,false
17951,LLN 2024/0036,2024-07-08,2,King’s Speech 2024: Health and social care,K,2024,false
17952,LLN 2024/0037,2024-07-08,2,King’s Speech 2024: Home affairs,K,2024,false
17953,LLN 2024/0038,2024-07-08,2,King's Speech 2024: Justice,K,2024,false
17954,LLN 2024/0039,2024-07-08,2,"King’s Speech 2024: Housing, communities and local government",K,2024,false
17955,LLN 2024/0040,2024-07-08,2,"King’s Speech 2024: Science, technology and innovation",K,2024,false
17956,LLN 2024/0041,2024-07-08,2,King's Speech 2024: Transport,K,2024,false
17957,LLN 2024/0042,2024-07-08,2,King’s Speech 2024: Welfare and pensions,K,2024,false
17982,LLN 2024/0043,2024-07-23,2,Commonwealth Parliamentary Association and International Committee of the Red Cross (Status) Bill [HL]: HL Bill 3 of 2024-25,C,2024,false
17991,LLN 2024/0044,2024-07-25,2,Bank Resolution (Recapitalisation) Bill [HL]: HL Bill 2 of 2024–25,B,2024,false
17993,LLN 2024/0045,2024-07-25,2,Arbitration Bill [HL]: HL Bill 1 of 2024–25,A,2024,false
18006,LLN 2024/0046,2024-08-06,2,Crown Estate Bill [HL]: HL Bill 5 of  2024–25,C,2024,false
18011,LLN 2024/0047,2024-08-12,2,Support for Infants and Parents etc (Information) Bill [HL]: HL Bill 6 of 2024–25,S,2024,false
18016,LLN 2024/0048,2024-08-15,2,Lords Spiritual (Women) Act 2015 (Extension) Bill [HL]: HL Bill 10 of 2024–25,L,2024,false
18019,LLN 2024/0049,2024-08-22,2,Holocaust Memorial Bill: HL Bill 4 of 2024–25,H,2024,false
18024,LLN 2024/0050,2024-08-28,2,Lithium-ion Battery Safety Bill [HL]: HL Bill 8 of 2024–25,L,2024,false
18040,LLN 2024/0051,2024-09-05,2,Budget Responsibility Bill: HL Bill 24 of 2024–25,B,2024,false
18049,LLN 2024/0052,2024-09-19,2,"House of Lords: Maiden and valedictory speeches, 2022–2024",H,2024,false
18056,LLN 2024/0053,2024-09-25,2,Product Regulation and Metrology Bill [HL]: HL Bill 18 of 2024–25,P,2024,false
18059,LLN 2024/0054,2024-09-27,2,Passenger Railway Services (Public Ownership) Bill: HL Bill 21 of 2024–25,P,2024,false
18063,LLN 2024/0055,2024-10-01,2,Statutory Instruments (Amendment) Bill [HL]: HL Bill 14 of 2024–25,S,2024,false
18064,LLN 2024/0056,2024-10-01,2,Refugees (Family Reunion) Bill [HL]: HL Bill 13 of 2024–25,R,2024,false
18065,LLN 2024/0057,2024-10-03,2,Education (Values of British Citizenship) Bill [HL]: HL Bill 12 of 2024–25,E,2024,false
18069,LLN 2024/0058,2024-10-03,2,Water (Special Measures) Bill [HL]: HL Bill 17 of 2024–25,W,2024,false
18073,LLN 2024/0059,2024-10-07,2,Environmental Targets (Public Authorities) Bill [HL]: HL Bill 15(Rev) of 2024–25,E,2024,false
18084,LLN 2024/0060,2024-10-15,2,Football Governance Bill [HL]: HL Bill 41 of 2024–25,F,2024,false
18092,LLN 2024/0061,2024-10-16,2,Institute for Apprenticeships and Technical Education (Transfer of Functions etc) Bill [HL]: HL Bill 38 of 2024–25,I,2024,false
18111,LLN 2024/0062,2024-10-29,2,Property (Digital Assets etc) Bill [HL]: HL Bill 31 of 2024–25,P,2024,false
18116,LLN 2024/0063,2024-11-01,2,Data (Use and Access) Bill [HL]: HL Bill 40 of 2024–25,D,2024,false
18118,LLN 2024/0064,2024-11-04,2,Home School Education Registration and Support Bill [HL]: HL Bill 22 of 2024–25,H,2024,false
18122,LLN 2024/0065,2024-11-05,2,"Women, Peace and Security Bill [HL]: HL Bill 20 of 2024–25",W,2024,false
18132,LLN 2024/0066,2024-11-08,2,Great British Energy Bill: HL Bill 43 of 2024–25,G,2024,false
18132,LLN 2024/0066,2024-11-08,2,Great British Energy Bill: HL Bill 43 of 2024–25,G,2024,false
18134,LLN 2024/0067,2024-11-11,2,Listed Investment Companies (Classification etc) Bill [HL]: HL Bill 23 of 2024–25,L,2024,false
18137,LLN 2024/0068,2024-11-11,2,Imprisonment for Public Protection (Re-sentencing) Bill [HL]: HL Bill 19 of 2024–25,I,2024,false
18150,LLN 2024/0069,2024-11-18,2,Mental Health Bill [HL]: HL Bill 47 of 2024–25,M,2024,false
18163,LLN 2024/0070,2024-11-22,2,Non-Consensual Sexually Explicit Images and Videos (Offences) Bill [HL]: HL Bill 26 of 2024–25,N,2024,false
18181,LLN 2024/0071,2024-12-04,2,Public Authority Algorithmic and Automated  Decision-Making Systems Bill [HL]: HL Bill 27 of 2024–25,P,2024,false
18181,LLN 2024/0071,2024-12-04,2,Public Authority Algorithmic and Automated  Decision-Making Systems Bill [HL]: HL Bill 27 of 2024–25,P,2024,false
18188,LLN 2024/0072,2024-12-09,2,Asylum Support (Prescribed Period) Bill [HL]: HL Bill 25 of 2024–25,A,2024,false
18192,LLN 2024/0073,2024-12-10,2,Complications from Abortions (Annual Report) Bill [HL]: HL Bill 16 of 2024–25,C,2024,false
18204,LLN 2025/0001,2024-12-20,2,Bus Services (No. 2) Bill [HL]: HL Bill 54 of 2024–25,B,2025,false
18205,LLN 2024/0074,2024-12-20,2,Terrorism (Protection of Premises) Bill: HL Bill 53 of 2024–25,T,2024,false
18210,LLN 2024/0075,2024-12-23,2,National Insurance Contributions (Secondary Class 1 Contributions) Bill: HL Bill 56 of 2024–25,N,2025,false
18220,LLN 2025/0002,2025-01-09,2,Financial Assistance to Ukraine Bill: HL Bill 58 of 2024–25,F,2025,false
18226,LLN 2025/0003,2025-01-13,2,Consumer Products (Control of Biocides) Bill [HL]: HL Bill 32 of 2024–25,C,2025,false
18227,LLN 2025/0004,2025-01-13,2,Universal Credit (Standard Allowance Entitlement of Care Leavers) Bill [HL]: HL Bill 30 of 2024-25,U,2025,false
18228,LLN 2025/0005,2025-01-13,2,Regulated and Other Activities (Mandatory Reporting of Child Sexual Abuse) Bill [HL]: HL Bill 9 of 2024–25,R,2025,false
18253,LLN 2025/0006,2025-01-23,2,Non-Domestic Rating (Multipliers and Private Schools) Bill: HL Bill 61 of 2024–25,N,2025,false
18253,LLN 2025/0006,2025-01-23,2,Non-Domestic Rating (Multipliers and Private Schools) Bill: HL Bill 61 of 2024–25,N,2025,false
18262,LLN 2025/0007,2025-01-29,2,Renters’ Rights Bill: HL Bill 60 of 2024–25,R,2025,false
18270,LLN 2025/0008,2025-01-31,2,Mortgage Prisoners Inquiry Bill [HL]: HL Bill 33 of 2024–25,M,2025,false
18273,LLN 2025/0009,2025-02-03,2,Crown Estate (Wales) Bill [HL]: HL Bill 29 of 2024–25,C,2025,false
18275,LLN 2025/0010,2025-02-04,2,Education (Assemblies) Bill [HL]:HL Bill 35 of 2024-25,E,2025,false
18277,LLN 2025/0011,2025-02-04,2,Permitted Development Rights (Extension) Bill [HL]: HL Bill 28 of 2024–25,P,2025,false
18283,LLN 2025/0012,2025-02-05,2,Armed Forces Commissioner Bill: HL Bill 63 of 2024–25,A,2025,false
18335,LLN 2025/0013,2025-03-10,2,Palestine Statehood (Recognition) Bill [HL]: HL Bill 37 of 2024-25,P,2025,false
18335,LLN 2025/0013,2025-03-10,2,Palestine Statehood (Recognition) Bill [HL]: HL Bill 37 of 2024-25,P,2025,false
18338,LLN 2025/0015,2025-03-11,2,Church of Scotland (Lord High Commissioner) Bill: HL Bill 79 of 2024–25,C,2025,false
18339,LLN 2025/0014,2025-03-11,2,House of Lords (Peerage Nominations) Bill [HL]: HL Bill 36 of 2024-25,H,2025,false
18345,LLN 2025/0016,2025-03-13,2,Finance Bill: Bill 77 of 2024-25,F,2025,false
18345,LLN 2025/0016,2025-03-13,2,Finance Bill: Bill 77 of 2024-25,F,2025,false
18355,LLN 2025/0017,2025-03-20,2,Employment Rights Bill: Bill 81 of 2024-25,E,2025,false
18355,LLN 2025/0017,2025-03-20,2,Employment Rights Bill: Bill 81 of 2024-25,E,2025,false
18382,LLN 2025/0018,2025-04-03,2,Children’s Wellbeing and Schools Bill: HL Bill 84 of 2024–25,C,2025,false
18395,LLN 2025/0019,2025-04-10,2,Tobacco and Vapes Bill: HL Bill 89 of 2024–25,T,2025,false
18402,LLN 2025/0020,2025-04-16,2,Hares (Close Season) Bill [HL]: HL Bill 52 of 2024–25,H,2025,false
18423,LLN 2025/0021,2025-05-01,2,Sentencing Guidelines (Pre-sentence Reports) Bill: HL Bill 99 of 2024–25,S,2025,false
18428,LLN 2025/0022,2025-05-08,2,"Public Authorities (Fraud, Error and Recovery) Bill: HL Bill 96 of 2024–25",P,2025,false
18430,LLN 2025/0023,2025-05-08,2,"Border Security, Asylum and Immigration Bill: HL Bill 101 of 2024–25",B,2025,false
18430,LLN 2025/0023,2025-05-08,2,"Border Security, Asylum and Immigration Bill: HL Bill 101 of 2024–25",B,2025,false
18460,LLN 2025/0024,2025-05-21,2,Still-Birth (Definition) Bill [HL]: HL Bill 39 of 2024–25,S,2025,false
18513,LLN 2025/0025,2025-06-19,2,Planning and Infrastructure Bill: HL Bill 110 of 2024–25,P,2025,false
18513,LLN 2025/0025,2025-06-19,2,Planning and Infrastructure Bill: HL Bill 110 of 2024–25,P,2025,false
18543,LLN 2025/0026,2025-07-03,2,Crime and Policing Bill: HL Bill 111 of 2024–25,C,2025,false
18565,LLN 2025/0027,2025-07-17,2,Universal Credit Bill: HL Bill 123 of 2024–25,U,2025,false
18571,LLN 2025/0028,2025-07-22,2,Dogs (Protection of Livestock) (Amendment) Bill: Bill 118 of 2024–25,D,2025,false
18576,LLN 2025/0029,2025-07-24,2,Deprivation of Citizenship Orders (Effect during Appeal) Bill: HL Bill 127 of 2024–25,D,2025,false
18579,LLN 2025/0030,2025-07-29,2,Terminally Ill Adults (End of Life) Bill: HL Bill 112 of 2024–25,T,2025,false
18586,LLN 2025/0031,2025-08-08,2,Absent Voting (Elections in Scotland and Wales) Bill: HL Bill 116 of 2024–25,A,2025,false
18587,LLN 2025/0032,2025-08-12,2,Space Industry (Indemnities) Bill: HL Bill 120 of 2024–25,S,2025,false
18588,LLN 2025/0033,2025-08-13,2,"Animal Welfare (Import of Dogs, Cats and Ferrets) Bill [HL]: HL Bill 117 of 2024-25",A,2025,false
18638,,2025-09-24,2,Test briefing,T,,false
18639,LLN 2025/0034,2025-09-25,2,Sentencing Bill: HL Bill 142 of 2024–26,S,2025,false
18640,LLN 2025/0035,2025-09-30,2,Licensing Hours Extensions Bill: HL Bill 119 of 2024–25,L,2025,false
18664,LLN 2025/0036,2025-10-16,2,Unauthorised Entry to Football Matches Bill [HL]: HL Bill 126 of 2024-26,U,2025,false
18665,LLN 2025/0037,2025-10-16,2,Secure 16 to 19 Academies Bill: HL Bill 125 of 2024–26,S,2025,false
18690,LLN 2025/0038,2025-10-29,2,Victims and Courts Bill: HL Bill 141 of 2024-26,V,2025,false
18691,LLN 2025/0039,2025-10-29,2,Sustainable Aviation Fuel Bill: HL Bill 138 of 2024-26,S,2025,false
18691,LLN 2025/0039,2025-10-29,2,Sustainable Aviation Fuel Bill: HL Bill 138 of 2024-26,S,2025,false
18697,LLN 2025/0040,2025-10-30,2,Diego Garcia Military Base and British Indian Ocean Territory Bill,D,2025,false
18747,LLN 2025/0041,2025-11-24,2,Biodiversity Beyond National Jurisdiction Bill: HL Bill 148 of 2024–26,B,2025,false
18766,LLN 2025/0042,2025-12-02,2,English Devolution and Community Empowerment Bill: HL Bill 150 of 2024–26,E,2025,false
18792,LLN 2025/0043,2025-12-11,2,Rare Cancers Bill: HL Bill 124 of 2024–26,R,2025,false
18802,LLN 2025/0044,2025-12-15,2,Pension Schemes Bill: HL Bill 152 of 2024–26,P,2025,false
18875,,2026-01-27,2,Holocaust Memorial Day 2026,H,,false
18882,LLN 2026/0001,2026-01-29,2,National Insurance Contributions (Employer Pensions Contributions) Bill: HL Bill  164 of 2024–26,N,2026,false
18884,LLN 2026/0002,2026-01-30,2,Medical Training (Prioritisation) Bill: HL Bill 165 of 2024–26,M,2026,false
